neighborhood_id,listing_count,avg_rent,median_listing_rent,min_rent,max_rent,studio_count,one_bed_count,two_bed_count,avg_sqft,crime_event_count,violent_crime_count,property_crime_count,crime_per_1000_residents,population,median_income,median_rent,park_count,total_park_acres,nearest_park_distance,school_count,healthcare_count,library_count,community_resource_count,facility_count,hpd_building_count,hpd_unit_count,worship_count,grocery_count,bus_stop_count,subway_station_count,nearest_bus_stop_distance,nearest_subway_distance,bus_stop_count_within_0_25_miles,bus_stop_count_within_0_5_miles,subway_station_count_within_0_5_miles,crime_score,safety_score,subway_access_score,bus_access_score,transit_score,green_space_score,public_service_score,housing_supply_score,affordable_housing_signal,amenity_score,affordability_score,availability_score,renter_fit_score,value_score,safety_affordability_score
1,2754.0,5040.849310094408,3885.5,750.0,100000.0,581.0,1310.0,644.0,279.22113289760347,214.0,189.0,16.0,2.7159773076288505,78793.0,,,3.0,202.6,0.1868832363007178,373.0,170.0,23.0,319.0,885.0,8.0,419,2.0,2.0,1436,36,0.019947668656805796,0.042237389221814255,44,91,4,12.3,87.7,100.0,31.4,72.6,87.5,26.5,89.7,89.7,63.1,46.3,82.8,68.2,62.1,67.0
2,969.0,4012.7936016511867,3713.0,1366.0,12488.0,208.0,399.0,304.0,212.22394220846232,130.0,103.0,22.0,,,,,2.0,26.0,0.22756777967703293,245.0,102.0,12.0,214.0,573.0,8.0,378,2.0,3.0,1402,32,0.007953776385957219,0.08243105209963687,52,119,7,7.5,92.5,100.0,30.9,72.4,40.1,16.2,80.9,80.9,52.5,53.5,48.9,62.1,65.0,73.0
3,1410.0,4126.372340425532,3495.0,1395.0,70000.0,264.0,500.0,420.0,241.76241134751774,561.0,525.0,20.0,,,,,3.0,138.60000000000002,0.051137766002341885,416.0,259.0,19.0,401.0,1095.0,10.0,459,3.0,3.0,875,32,0.02220699383471368,0.12448802174083845,60,197,8,32.3,67.7,100.0,23.1,69.2,74.9,32.2,98.3,98.3,67.2,62.6,63.4,65.2,65.0,65.2
4,591.0,2885.8612521150594,2725.0,1250.0,9780.0,67.0,247.0,194.0,205.58206429780034,1542.0,1505.0,25.0,,,,,3.0,154.2,0.11698386858027794,976.0,402.0,34.0,596.0,2008.0,9.0,436,2.0,3.0,2628,64,0.04364885157867735,0.06109088332522065,56,119,8,88.7,11.3,100.0,49.2,79.7,77.9,55.9,93.4,93.4,72.1,94.6,47.4,58.7,65.1,53.0
5,3511.0,5245.12959270863,4695.0,500.0,44205.0,589.0,1201.0,1167.0,179.94104243805182,376.0,350.0,19.0,11.419546862661726,32926.0,,,3.0,149.1,0.2689759112603978,558.0,258.0,23.0,622.0,1461.0,8.0,409,2.0,2.0,1169,42,0.022014637043729694,0.038785822479985334,77,137,8,21.6,78.4,100.0,27.4,71.0,76.9,39.5,87.6,87.6,62.6,12.7,94.9,58.0,42.4,45.5
6,2209.0,3378.96785875962,3249.0,1200.0,11000.0,202.0,534.0,805.0,160.01448619284744,1739.0,1703.0,28.0,,,,,2.0,62.1,0.30077875449911995,1051.0,327.0,45.0,565.0,1988.0,8.0,305,4.0,2.0,3647,81,0.17757981861308803,0.010416198056725124,10,80,8,100.0,0.0,100.0,54.4,81.8,47.3,55.4,65.3,65.3,69.1,72.8,63.8,51.9,50.2,36.4
7,3519.0,3882.4475703324806,3450.0,1200.0,30000.0,520.0,1351.0,1218.0,165.9443023586246,825.0,801.0,16.0,,,,,4.0,113.10000000000001,0.070025144775299,1600.0,678.0,77.0,1081.0,3436.0,8.0,420,2.0,2.0,6285,130,0.1415397863087045,0.14595677450715386,13,64,8,47.4,52.6,100.0,93.8,97.5,82.3,100.0,89.9,89.9,84.0,64.4,96.0,72.7,64.8,58.5
8,323.0,2746.9597523219813,2595.0,1154.0,8000.0,20.0,79.0,118.0,581.1981424148606,39.0,10.0,23.0,,,,,3.0,119.19999999999999,0.11400701868486762,2.0,2.0,2.0,2.0,8.0,7.0,333,2.0,2.0,0,3,2.087891799345067,0.027785246320703675,0,0,3,2.2,97.8,100.0,0.0,80.0,71.0,0.7,71.3,71.3,56.1,100.0,34.0,75.3,90.5,98.9
9,957.0,3273.0522466039706,2762.0,945.0,289500.0,172.0,384.0,274.0,485.8652037617555,91.0,59.0,22.0,,,,,2.0,64.60000000000001,0.23292484971546495,102.0,48.0,6.0,57.0,213.0,8.0,429,2.0,3.0,757,4,2.7365197979825306,0.1890930407545109,0,0,4,5.2,94.8,100.0,0.0,80.0,47.8,6.7,91.9,91.9,54.8,93.1,53.1,75.9,85.9,93.9
10,3114.0,6049.761078998074,5000.0,500.0,52500.0,701.0,1343.0,804.0,368.00963391136804,124.0,109.0,11.0,,,,,3.0,92.19999999999999,0.14292690172103067,443.0,233.0,21.0,733.0,1430.0,7.0,446,3.0,3.0,980,65,1.2361296027448017,0.24259051398400508,0,0,4,7.1,92.9,100.0,0.0,80.0,65.7,38.0,95.5,95.5,69.3,0.0,91.3,58.8,41.7,46.4
11,379.0,3043.2532981530344,3100.0,1220.0,5394.0,57.0,170.0,137.0,70.80738786279683,921.0,880.0,29.0,,,,,2.0,31.5,0.2115135865341998,617.0,304.0,16.0,339.0,1276.0,9.0,467,2.0,2.0,1139,31,0.03263246757559557,0.09363658006006072,19,84,7,53.0,47.0,100.0,27.0,70.8,41.2,35.8,100.0,100.0,52.9,79.0,46.5,58.0,64.2,63.0
12,871.0,2857.126291618829,2700.0,1308.0,7264.0,141.0,367.0,259.0,385.6509758897819,648.0,629.0,14.0,8.999000111098768,72008.0,,,3.0,61.2,0.0809070560846303,940.0,370.0,48.0,855.0,2213.0,9.0,290,3.0,3.0,6703,23,0.06627562565913821,0.10823238995282981,38,193,5,37.3,62.7,100.0,100.0,100.0,59.6,62.1,62.1,62.1,78.6,95.6,39.7,72.0,82.4,79.2
13,0.0,,,,,0.0,0.0,0.0,,0.0,0.0,0.0,,28149.0,,,0.0,0.0,,0.0,0.0,0.0,0.0,0.0,0.0,0,0.0,0.0,0,0,,,0,0,0,0.0,100.0,50.0,0.0,50.0,0.0,0.0,0.0,0.0,15.0,50.0,0.0,43.8,58.0,75.0
14,0.0,,,,,0.0,0.0,0.0,,0.0,0.0,0.0,,35422.0,,,0.0,0.0,,0.0,0.0,0.0,0.0,0.0,0.0,0,0.0,0.0,0,0,,,0,0,0,0.0,100.0,50.0,0.0,50.0,0.0,0.0,0.0,0.0,15.0,50.0,0.0,43.8,58.0,75.0
15,0.0,,,,,0.0,0.0,0.0,,0.0,0.0,0.0,,55329.0,,,0.0,0.0,,0.0,0.0,0.0,0.0,0.0,0.0,0,0.0,0.0,0,0,,,0,0,0,0.0,100.0,50.0,0.0,50.0,0.0,0.0,0.0,0.0,15.0,50.0,0.0,43.8,58.0,75.0
16,0.0,,,,,0.0,0.0,0.0,,0.0,0.0,0.0,,25967.0,,,0.0,0.0,,0.0,0.0,0.0,0.0,0.0,0.0,0,0.0,0.0,0,0,,,0,0,0,0.0,100.0,50.0,0.0,50.0,0.0,0.0,0.0,0.0,15.0,50.0,0.0,43.8,58.0,75.0
17,0.0,,,,,0.0,0.0,0.0,,0.0,0.0,0.0,,34309.0,,,0.0,0.0,,0.0,0.0,0.0,0.0,0.0,0.0,0,0.0,0.0,0,0,,,0,0,0,0.0,100.0,50.0,0.0,50.0,0.0,0.0,0.0,0.0,15.0,50.0,0.0,43.8,58.0,75.0
18,0.0,,,,,0.0,0.0,0.0,,0.0,0.0,0.0,,34542.0,,,0.0,0.0,,0.0,0.0,0.0,0.0,0.0,0.0,0,0.0,0.0,0,0,,,0,0,0,0.0,100.0,50.0,0.0,50.0,0.0,0.0,0.0,0.0,15.0,50.0,0.0,43.8,58.0,75.0
19,0.0,,,,,0.0,0.0,0.0,,0.0,0.0,0.0,,50753.0,,,0.0,0.0,,0.0,0.0,0.0,0.0,0.0,0.0,0,0.0,0.0,0,0,,,0,0,0,0.0,100.0,50.0,0.0,50.0,0.0,0.0,0.0,0.0,15.0,50.0,0.0,43.8,58.0,75.0
20,0.0,,,,,0.0,0.0,0.0,,0.0,0.0,0.0,,27140.0,,,0.0,0.0,,0.0,0.0,0.0,0.0,0.0,0.0,0,0.0,0.0,0,0,,,0,0,0,0.0,100.0,50.0,0.0,50.0,0.0,0.0,0.0,0.0,15.0,50.0,0.0,43.8,58.0,75.0
21,0.0,,,,,0.0,0.0,0.0,,0.0,0.0,0.0,,40676.0,,,0.0,0.0,,0.0,0.0,0.0,0.0,0.0,0.0,0,0.0,0.0,0,0,,,0,0,0,0.0,100.0,50.0,0.0,50.0,0.0,0.0,0.0,0.0,15.0,50.0,0.0,43.8,58.0,75.0
22,0.0,,,,,0.0,0.0,0.0,,0.0,0.0,0.0,,58961.0,,,0.0,0.0,,0.0,0.0,0.0,0.0,0.0,0.0,0,0.0,0.0,0,0,,,0,0,0,0.0,100.0,50.0,0.0,50.0,0.0,0.0,0.0,0.0,15.0,50.0,0.0,43.8,58.0,75.0
23,0.0,,,,,0.0,0.0,0.0,,0.0,0.0,0.0,,39280.0,,,0.0,0.0,,0.0,0.0,0.0,0.0,0.0,0.0,0,0.0,0.0,0,0,,,0,0,0,0.0,100.0,50.0,0.0,50.0,0.0,0.0,0.0,0.0,15.0,50.0,0.0,43.8,58.0,75.0
24,0.0,,,,,0.0,0.0,0.0,,0.0,0.0,0.0,,28013.0,,,0.0,0.0,,0.0,0.0,0.0,0.0,0.0,0.0,0,0.0,0.0,0,0,,,0,0,0,0.0,100.0,50.0,0.0,50.0,0.0,0.0,0.0,0.0,15.0,50.0,0.0,43.8,58.0,75.0
25,0.0,,,,,0.0,0.0,0.0,,0.0,0.0,0.0,,33844.0,,,0.0,0.0,,0.0,0.0,0.0,0.0,0.0,0.0,0,0.0,0.0,0,0,,,0,0,0,0.0,100.0,50.0,0.0,50.0,0.0,0.0,0.0,0.0,15.0,50.0,0.0,43.8,58.0,75.0
26,0.0,,,,,0.0,0.0,0.0,,0.0,0.0,0.0,,25142.0,,,0.0,0.0,,0.0,0.0,0.0,0.0,0.0,0.0,0,0.0,0.0,0,0,,,0,0,0,0.0,100.0,50.0,0.0,50.0,0.0,0.0,0.0,0.0,15.0,50.0,0.0,43.8,58.0,75.0
27,0.0,,,,,0.0,0.0,0.0,,0.0,0.0,0.0,,50607.0,,,0.0,0.0,,0.0,0.0,0.0,0.0,0.0,0.0,0,0.0,0.0,0,0,,,0,0,0,0.0,100.0,50.0,0.0,50.0,0.0,0.0,0.0,0.0,15.0,50.0,0.0,43.8,58.0,75.0
28,0.0,,,,,0.0,0.0,0.0,,0.0,0.0,0.0,,29872.0,,,0.0,0.0,,0.0,0.0,0.0,0.0,0.0,0.0,0,0.0,0.0,0,0,,,0,0,0,0.0,100.0,50.0,0.0,50.0,0.0,0.0,0.0,0.0,15.0,50.0,0.0,43.8,58.0,75.0
29,0.0,,,,,0.0,0.0,0.0,,0.0,0.0,0.0,,33286.0,,,0.0,0.0,,0.0,0.0,0.0,0.0,0.0,0.0,0,0.0,0.0,0,0,,,0,0,0,0.0,100.0,50.0,0.0,50.0,0.0,0.0,0.0,0.0,15.0,50.0,0.0,43.8,58.0,75.0
30,0.0,,,,,0.0,0.0,0.0,,0.0,0.0,0.0,,28510.0,,,0.0,0.0,,0.0,0.0,0.0,0.0,0.0,0.0,0,0.0,0.0,0,0,,,0,0,0,0.0,100.0,50.0,0.0,50.0,0.0,0.0,0.0,0.0,15.0,50.0,0.0,43.8,58.0,75.0
31,0.0,,,,,0.0,0.0,0.0,,0.0,0.0,0.0,,23082.0,,,0.0,0.0,,0.0,0.0,0.0,0.0,0.0,0.0,0,0.0,0.0,0,0,,,0,0,0,0.0,100.0,50.0,0.0,50.0,0.0,0.0,0.0,0.0,15.0,50.0,0.0,43.8,58.0,75.0
32,0.0,,,,,0.0,0.0,0.0,,0.0,0.0,0.0,,33195.0,,,0.0,0.0,,0.0,0.0,0.0,0.0,0.0,0.0,0,0.0,0.0,0,0,,,0,0,0,0.0,100.0,50.0,0.0,50.0,0.0,0.0,0.0,0.0,15.0,50.0,0.0,43.8,58.0,75.0
33,0.0,,,,,0.0,0.0,0.0,,0.0,0.0,0.0,,29797.0,,,0.0,0.0,,0.0,0.0,0.0,0.0,0.0,0.0,0,0.0,0.0,0,0,,,0,0,0,0.0,100.0,50.0,0.0,50.0,0.0,0.0,0.0,0.0,15.0,50.0,0.0,43.8,58.0,75.0
34,0.0,,,,,0.0,0.0,0.0,,0.0,0.0,0.0,,54335.0,,,0.0,0.0,,0.0,0.0,0.0,0.0,0.0,0.0,0,0.0,0.0,0,0,,,0,0,0,0.0,100.0,50.0,0.0,50.0,0.0,0.0,0.0,0.0,15.0,50.0,0.0,43.8,58.0,75.0
35,0.0,,,,,0.0,0.0,0.0,,0.0,0.0,0.0,,27135.0,,,0.0,0.0,,0.0,0.0,0.0,0.0,0.0,0.0,0,0.0,0.0,0,0,,,0,0,0,0.0,100.0,50.0,0.0,50.0,0.0,0.0,0.0,0.0,15.0,50.0,0.0,43.8,58.0,75.0
36,0.0,,,,,0.0,0.0,0.0,,0.0,0.0,0.0,,49030.0,,,0.0,0.0,,0.0,0.0,0.0,0.0,0.0,0.0,0,0.0,0.0,0,0,,,0,0,0,0.0,100.0,50.0,0.0,50.0,0.0,0.0,0.0,0.0,15.0,50.0,0.0,43.8,58.0,75.0
37,0.0,,,,,0.0,0.0,0.0,,0.0,0.0,0.0,,26880.0,,,0.0,0.0,,0.0,0.0,0.0,0.0,0.0,0.0,0,0.0,0.0,0,0,,,0,0,0,0.0,100.0,50.0,0.0,50.0,0.0,0.0,0.0,0.0,15.0,50.0,0.0,43.8,58.0,75.0
38,0.0,,,,,0.0,0.0,0.0,,0.0,0.0,0.0,,52649.0,,,0.0,0.0,,0.0,0.0,0.0,0.0,0.0,0.0,0,0.0,0.0,0,0,,,0,0,0,0.0,100.0,50.0,0.0,50.0,0.0,0.0,0.0,0.0,15.0,50.0,0.0,43.8,58.0,75.0
39,0.0,,,,,0.0,0.0,0.0,,0.0,0.0,0.0,,40817.0,,,0.0,0.0,,0.0,0.0,0.0,0.0,0.0,0.0,0,0.0,0.0,0,0,,,0,0,0,0.0,100.0,50.0,0.0,50.0,0.0,0.0,0.0,0.0,15.0,50.0,0.0,43.8,58.0,75.0
40,0.0,,,,,0.0,0.0,0.0,,0.0,0.0,0.0,,57420.0,,,0.0,0.0,,0.0,0.0,0.0,0.0,0.0,0.0,0,0.0,0.0,0,0,,,0,0,0,0.0,100.0,50.0,0.0,50.0,0.0,0.0,0.0,0.0,15.0,50.0,0.0,43.8,58.0,75.0
41,0.0,,,,,0.0,0.0,0.0,,0.0,0.0,0.0,,29353.0,,,0.0,0.0,,0.0,0.0,0.0,0.0,0.0,0.0,0,0.0,0.0,0,0,,,0,0,0,0.0,100.0,50.0,0.0,50.0,0.0,0.0,0.0,0.0,15.0,50.0,0.0,43.8,58.0,75.0
42,0.0,,,,,0.0,0.0,0.0,,0.0,0.0,0.0,,30006.0,,,0.0,0.0,,0.0,0.0,0.0,0.0,0.0,0.0,0,0.0,0.0,0,0,,,0,0,0,0.0,100.0,50.0,0.0,50.0,0.0,0.0,0.0,0.0,15.0,50.0,0.0,43.8,58.0,75.0
43,0.0,,,,,0.0,0.0,0.0,,0.0,0.0,0.0,,43712.0,,,0.0,0.0,,0.0,0.0,0.0,0.0,0.0,0.0,0,0.0,0.0,0,0,,,0,0,0,0.0,100.0,50.0,0.0,50.0,0.0,0.0,0.0,0.0,15.0,50.0,0.0,43.8,58.0,75.0
44,0.0,,,,,0.0,0.0,0.0,,0.0,0.0,0.0,,35137.0,,,0.0,0.0,,0.0,0.0,0.0,0.0,0.0,0.0,0,0.0,0.0,0,0,,,0,0,0,0.0,100.0,50.0,0.0,50.0,0.0,0.0,0.0,0.0,15.0,50.0,0.0,43.8,58.0,75.0
45,0.0,,,,,0.0,0.0,0.0,,0.0,0.0,0.0,,25768.0,,,0.0,0.0,,0.0,0.0,0.0,0.0,0.0,0.0,0,0.0,0.0,0,0,,,0,0,0,0.0,100.0,50.0,0.0,50.0,0.0,0.0,0.0,0.0,15.0,50.0,0.0,43.8,58.0,75.0
46,0.0,,,,,0.0,0.0,0.0,,0.0,0.0,0.0,,43583.0,,,0.0,0.0,,0.0,0.0,0.0,0.0,0.0,0.0,0,0.0,0.0,0,0,,,0,0,0,0.0,100.0,50.0,0.0,50.0,0.0,0.0,0.0,0.0,15.0,50.0,0.0,43.8,58.0,75.0
47,0.0,,,,,0.0,0.0,0.0,,0.0,0.0,0.0,,39557.0,,,0.0,0.0,,0.0,0.0,0.0,0.0,0.0,0.0,0,0.0,0.0,0,0,,,0,0,0,0.0,100.0,50.0,0.0,50.0,0.0,0.0,0.0,0.0,15.0,50.0,0.0,43.8,58.0,75.0
48,0.0,,,,,0.0,0.0,0.0,,0.0,0.0,0.0,,18072.0,,,0.0,0.0,,0.0,0.0,0.0,0.0,0.0,0.0,0,0.0,0.0,0,0,,,0,0,0,0.0,100.0,50.0,0.0,50.0,0.0,0.0,0.0,0.0,15.0,50.0,0.0,43.8,58.0,75.0
49,0.0,,,,,0.0,0.0,0.0,,0.0,0.0,0.0,,12780.0,,,0.0,0.0,,0.0,0.0,0.0,0.0,0.0,0.0,0,0.0,0.0,0,0,,,0,0,0,0.0,100.0,50.0,0.0,50.0,0.0,0.0,0.0,0.0,15.0,50.0,0.0,43.8,58.0,75.0
50,0.0,,,,,0.0,0.0,0.0,,0.0,0.0,0.0,,540.0,,,0.0,0.0,,0.0,0.0,0.0,0.0,0.0,0.0,0,0.0,0.0,0,0,,,0,0,0,0.0,100.0,50.0,0.0,50.0,0.0,0.0,0.0,0.0,15.0,50.0,0.0,43.8,58.0,75.0
51,0.0,,,,,0.0,0.0,0.0,,0.0,0.0,0.0,,22548.0,,,0.0,0.0,,0.0,0.0,0.0,0.0,0.0,0.0,0,0.0,0.0,0,0,,,0,0,0,0.0,100.0,50.0,0.0,50.0,0.0,0.0,0.0,0.0,15.0,50.0,0.0,43.8,58.0,75.0
52,0.0,,,,,0.0,0.0,0.0,,0.0,0.0,0.0,,64596.0,,,0.0,0.0,,0.0,0.0,0.0,0.0,0.0,0.0,0,0.0,0.0,0,0,,,0,0,0,0.0,100.0,50.0,0.0,50.0,0.0,0.0,0.0,0.0,15.0,50.0,0.0,43.8,58.0,75.0
53,0.0,,,,,0.0,0.0,0.0,,0.0,0.0,0.0,,35244.0,,,0.0,0.0,,0.0,0.0,0.0,0.0,0.0,0.0,0,0.0,0.0,0,0,,,0,0,0,0.0,100.0,50.0,0.0,50.0,0.0,0.0,0.0,0.0,15.0,50.0,0.0,43.8,58.0,75.0
54,0.0,,,,,0.0,0.0,0.0,,0.0,0.0,0.0,,34267.0,,,0.0,0.0,,0.0,0.0,0.0,0.0,0.0,0.0,0,0.0,0.0,0,0,,,0,0,0,0.0,100.0,50.0,0.0,50.0,0.0,0.0,0.0,0.0,15.0,50.0,0.0,43.8,58.0,75.0
55,0.0,,,,,0.0,0.0,0.0,,0.0,0.0,0.0,,17370.0,,,0.0,0.0,,0.0,0.0,0.0,0.0,0.0,0.0,0,0.0,0.0,0,0,,,0,0,0,0.0,100.0,50.0,0.0,50.0,0.0,0.0,0.0,0.0,15.0,50.0,0.0,43.8,58.0,75.0
56,0.0,,,,,0.0,0.0,0.0,,0.0,0.0,0.0,,45679.0,,,0.0,0.0,,0.0,0.0,0.0,0.0,0.0,0.0,0,0.0,0.0,0,0,,,0,0,0,0.0,100.0,50.0,0.0,50.0,0.0,0.0,0.0,0.0,15.0,50.0,0.0,43.8,58.0,75.0
57,0.0,,,,,0.0,0.0,0.0,,0.0,0.0,0.0,,29257.0,,,0.0,0.0,,0.0,0.0,0.0,0.0,0.0,0.0,0,0.0,0.0,0,0,,,0,0,0,0.0,100.0,50.0,0.0,50.0,0.0,0.0,0.0,0.0,15.0,50.0,0.0,43.8,58.0,75.0
58,0.0,,,,,0.0,0.0,0.0,,0.0,0.0,0.0,,28572.0,,,0.0,0.0,,0.0,0.0,0.0,0.0,0.0,0.0,0,0.0,0.0,0,0,,,0,0,0,0.0,100.0,50.0,0.0,50.0,0.0,0.0,0.0,0.0,15.0,50.0,0.0,43.8,58.0,75.0
59,0.0,,,,,0.0,0.0,0.0,,0.0,0.0,0.0,,84640.0,,,0.0,0.0,,0.0,0.0,0.0,0.0,0.0,0.0,0,0.0,0.0,0,0,,,0,0,0,0.0,100.0,50.0,0.0,50.0,0.0,0.0,0.0,0.0,15.0,50.0,0.0,43.8,58.0,75.0
60,0.0,,,,,0.0,0.0,0.0,,0.0,0.0,0.0,,58566.0,,,0.0,0.0,,0.0,0.0,0.0,0.0,0.0,0.0,0,0.0,0.0,0,0,,,0,0,0,0.0,100.0,50.0,0.0,50.0,0.0,0.0,0.0,0.0,15.0,50.0,0.0,43.8,58.0,75.0
61,0.0,,,,,0.0,0.0,0.0,,0.0,0.0,0.0,,39332.0,,,0.0,0.0,,0.0,0.0,0.0,0.0,0.0,0.0,0,0.0,0.0,0,0,,,0,0,0,0.0,100.0,50.0,0.0,50.0,0.0,0.0,0.0,0.0,15.0,50.0,0.0,43.8,58.0,75.0
62,0.0,,,,,0.0,0.0,0.0,,0.0,0.0,0.0,,80539.0,,,0.0,0.0,,0.0,0.0,0.0,0.0,0.0,0.0,0,0.0,0.0,0,0,,,0,0,0,0.0,100.0,50.0,0.0,50.0,0.0,0.0,0.0,0.0,15.0,50.0,0.0,43.8,58.0,75.0
63,0.0,,,,,0.0,0.0,0.0,,0.0,0.0,0.0,,52312.0,,,0.0,0.0,,0.0,0.0,0.0,0.0,0.0,0.0,0,0.0,0.0,0,0,,,0,0,0,0.0,100.0,50.0,0.0,50.0,0.0,0.0,0.0,0.0,15.0,50.0,0.0,43.8,58.0,75.0
64,0.0,,,,,0.0,0.0,0.0,,0.0,0.0,0.0,,38327.0,,,0.0,0.0,,0.0,0.0,0.0,0.0,0.0,0.0,0,0.0,0.0,0,0,,,0,0,0,0.0,100.0,50.0,0.0,50.0,0.0,0.0,0.0,0.0,15.0,50.0,0.0,43.8,58.0,75.0
65,0.0,,,,,0.0,0.0,0.0,,0.0,0.0,0.0,,66150.0,,,0.0,0.0,,0.0,0.0,0.0,0.0,0.0,0.0,0,0.0,0.0,0,0,,,0,0,0,0.0,100.0,50.0,0.0,50.0,0.0,0.0,0.0,0.0,15.0,50.0,0.0,43.8,58.0,75.0
66,0.0,,,,,0.0,0.0,0.0,,0.0,0.0,0.0,,61827.0,,,0.0,0.0,,0.0,0.0,0.0,0.0,0.0,0.0,0,0.0,0.0,0,0,,,0,0,0,0.0,100.0,50.0,0.0,50.0,0.0,0.0,0.0,0.0,15.0,50.0,0.0,43.8,58.0,75.0
67,0.0,,,,,0.0,0.0,0.0,,0.0,0.0,0.0,,67263.0,,,0.0,0.0,,0.0,0.0,0.0,0.0,0.0,0.0,0,0.0,0.0,0,0,,,0,0,0,0.0,100.0,50.0,0.0,50.0,0.0,0.0,0.0,0.0,15.0,50.0,0.0,43.8,58.0,75.0
68,0.0,,,,,0.0,0.0,0.0,,0.0,0.0,0.0,,30847.0,,,0.0,0.0,,0.0,0.0,0.0,0.0,0.0,0.0,0,0.0,0.0,0,0,,,0,0,0,0.0,100.0,50.0,0.0,50.0,0.0,0.0,0.0,0.0,15.0,50.0,0.0,43.8,58.0,75.0
69,0.0,,,,,0.0,0.0,0.0,,0.0,0.0,0.0,,20779.0,,,0.0,0.0,,0.0,0.0,0.0,0.0,0.0,0.0,0,0.0,0.0,0,0,,,0,0,0,0.0,100.0,50.0,0.0,50.0,0.0,0.0,0.0,0.0,15.0,50.0,0.0,43.8,58.0,75.0
70,0.0,,,,,0.0,0.0,0.0,,0.0,0.0,0.0,,36937.0,,,0.0,0.0,,0.0,0.0,0.0,0.0,0.0,0.0,0,0.0,0.0,0,0,,,0,0,0,0.0,100.0,50.0,0.0,50.0,0.0,0.0,0.0,0.0,15.0,50.0,0.0,43.8,58.0,75.0
71,0.0,,,,,0.0,0.0,0.0,,0.0,0.0,0.0,,110875.0,,,0.0,0.0,,0.0,0.0,0.0,0.0,0.0,0.0,0,0.0,0.0,0,0,,,0,0,0,0.0,100.0,50.0,0.0,50.0,0.0,0.0,0.0,0.0,15.0,50.0,0.0,43.8,58.0,75.0
72,0.0,,,,,0.0,0.0,0.0,,0.0,0.0,0.0,,55440.0,,,0.0,0.0,,0.0,0.0,0.0,0.0,0.0,0.0,0,0.0,0.0,0,0,,,0,0,0,0.0,100.0,50.0,0.0,50.0,0.0,0.0,0.0,0.0,15.0,50.0,0.0,43.8,58.0,75.0
73,0.0,,,,,0.0,0.0,0.0,,0.0,0.0,0.0,,39076.0,,,0.0,0.0,,0.0,0.0,0.0,0.0,0.0,0.0,0,0.0,0.0,0,0,,,0,0,0,0.0,100.0,50.0,0.0,50.0,0.0,0.0,0.0,0.0,15.0,50.0,0.0,43.8,58.0,75.0
74,0.0,,,,,0.0,0.0,0.0,,0.0,0.0,0.0,,42940.0,,,0.0,0.0,,0.0,0.0,0.0,0.0,0.0,0.0,0,0.0,0.0,0,0,,,0,0,0,0.0,100.0,50.0,0.0,50.0,0.0,0.0,0.0,0.0,15.0,50.0,0.0,43.8,58.0,75.0
75,0.0,,,,,0.0,0.0,0.0,,0.0,0.0,0.0,,20556.0,,,0.0,0.0,,0.0,0.0,0.0,0.0,0.0,0.0,0,0.0,0.0,0,0,,,0,0,0,0.0,100.0,50.0,0.0,50.0,0.0,0.0,0.0,0.0,15.0,50.0,0.0,43.8,58.0,75.0
76,0.0,,,,,0.0,0.0,0.0,,0.0,0.0,0.0,,85058.0,,,0.0,0.0,,0.0,0.0,0.0,0.0,0.0,0.0,0,0.0,0.0,0,0,,,0,0,0,0.0,100.0,50.0,0.0,50.0,0.0,0.0,0.0,0.0,15.0,50.0,0.0,43.8,58.0,75.0
77,0.0,,,,,0.0,0.0,0.0,,0.0,0.0,0.0,,66726.0,,,0.0,0.0,,0.0,0.0,0.0,0.0,0.0,0.0,0,0.0,0.0,0,0,,,0,0,0,0.0,100.0,50.0,0.0,50.0,0.0,0.0,0.0,0.0,15.0,50.0,0.0,43.8,58.0,75.0
78,0.0,,,,,0.0,0.0,0.0,,0.0,0.0,0.0,,70300.0,,,0.0,0.0,,0.0,0.0,0.0,0.0,0.0,0.0,0,0.0,0.0,0,0,,,0,0,0,0.0,100.0,50.0,0.0,50.0,0.0,0.0,0.0,0.0,15.0,50.0,0.0,43.8,58.0,75.0
79,0.0,,,,,0.0,0.0,0.0,,0.0,0.0,0.0,,103462.0,,,0.0,0.0,,0.0,0.0,0.0,0.0,0.0,0.0,0,0.0,0.0,0,0,,,0,0,0,0.0,100.0,50.0,0.0,50.0,0.0,0.0,0.0,0.0,15.0,50.0,0.0,43.8,58.0,75.0
80,0.0,,,,,0.0,0.0,0.0,,0.0,0.0,0.0,,42370.0,,,0.0,0.0,,0.0,0.0,0.0,0.0,0.0,0.0,0,0.0,0.0,0,0,,,0,0,0,0.0,100.0,50.0,0.0,50.0,0.0,0.0,0.0,0.0,15.0,50.0,0.0,43.8,58.0,75.0
81,0.0,,,,,0.0,0.0,0.0,,0.0,0.0,0.0,,19655.0,,,0.0,0.0,,0.0,0.0,0.0,0.0,0.0,0.0,0,0.0,0.0,0,0,,,0,0,0,0.0,100.0,50.0,0.0,50.0,0.0,0.0,0.0,0.0,15.0,50.0,0.0,43.8,58.0,75.0
82,0.0,,,,,0.0,0.0,0.0,,0.0,0.0,0.0,,28335.0,,,0.0,0.0,,0.0,0.0,0.0,0.0,0.0,0.0,0,0.0,0.0,0,0,,,0,0,0,0.0,100.0,50.0,0.0,50.0,0.0,0.0,0.0,0.0,15.0,50.0,0.0,43.8,58.0,75.0
83,0.0,,,,,0.0,0.0,0.0,,0.0,0.0,0.0,,33292.0,,,0.0,0.0,,0.0,0.0,0.0,0.0,0.0,0.0,0,0.0,0.0,0,0,,,0,0,0,0.0,100.0,50.0,0.0,50.0,0.0,0.0,0.0,0.0,15.0,50.0,0.0,43.8,58.0,75.0
84,0.0,,,,,0.0,0.0,0.0,,0.0,0.0,0.0,,40130.0,,,0.0,0.0,,0.0,0.0,0.0,0.0,0.0,0.0,0,0.0,0.0,0,0,,,0,0,0,0.0,100.0,50.0,0.0,50.0,0.0,0.0,0.0,0.0,15.0,50.0,0.0,43.8,58.0,75.0
85,0.0,,,,,0.0,0.0,0.0,,0.0,0.0,0.0,,59227.0,,,0.0,0.0,,0.0,0.0,0.0,0.0,0.0,0.0,0,0.0,0.0,0,0,,,0,0,0,0.0,100.0,50.0,0.0,50.0,0.0,0.0,0.0,0.0,15.0,50.0,0.0,43.8,58.0,75.0
86,0.0,,,,,0.0,0.0,0.0,,0.0,0.0,0.0,,37821.0,,,0.0,0.0,,0.0,0.0,0.0,0.0,0.0,0.0,0,0.0,0.0,0,0,,,0,0,0,0.0,100.0,50.0,0.0,50.0,0.0,0.0,0.0,0.0,15.0,50.0,0.0,43.8,58.0,75.0
87,0.0,,,,,0.0,0.0,0.0,,0.0,0.0,0.0,,56093.0,,,0.0,0.0,,0.0,0.0,0.0,0.0,0.0,0.0,0,0.0,0.0,0,0,,,0,0,0,0.0,100.0,50.0,0.0,50.0,0.0,0.0,0.0,0.0,15.0,50.0,0.0,43.8,58.0,75.0
88,0.0,,,,,0.0,0.0,0.0,,0.0,0.0,0.0,,64617.0,,,0.0,0.0,,0.0,0.0,0.0,0.0,0.0,0.0,0,0.0,0.0,0,0,,,0,0,0,0.0,100.0,50.0,0.0,50.0,0.0,0.0,0.0,0.0,15.0,50.0,0.0,43.8,58.0,75.0
89,0.0,,,,,0.0,0.0,0.0,,0.0,0.0,0.0,,30067.0,,,0.0,0.0,,0.0,0.0,0.0,0.0,0.0,0.0,0,0.0,0.0,0,0,,,0,0,0,0.0,100.0,50.0,0.0,50.0,0.0,0.0,0.0,0.0,15.0,50.0,0.0,43.8,58.0,75.0
90,0.0,,,,,0.0,0.0,0.0,,0.0,0.0,0.0,,59099.0,,,0.0,0.0,,0.0,0.0,0.0,0.0,0.0,0.0,0,0.0,0.0,0,0,,,0,0,0,0.0,100.0,50.0,0.0,50.0,0.0,0.0,0.0,0.0,15.0,50.0,0.0,43.8,58.0,75.0
91,0.0,,,,,0.0,0.0,0.0,,0.0,0.0,0.0,,83275.0,,,0.0,0.0,,0.0,0.0,0.0,0.0,0.0,0.0,0,0.0,0.0,0,0,,,0,0,0,0.0,100.0,50.0,0.0,50.0,0.0,0.0,0.0,0.0,15.0,50.0,0.0,43.8,58.0,75.0
92,0.0,,,,,0.0,0.0,0.0,,0.0,0.0,0.0,,48961.0,,,0.0,0.0,,0.0,0.0,0.0,0.0,0.0,0.0,0,0.0,0.0,0,0,,,0,0,0,0.0,100.0,50.0,0.0,50.0,0.0,0.0,0.0,0.0,15.0,50.0,0.0,43.8,58.0,75.0
93,0.0,,,,,0.0,0.0,0.0,,0.0,0.0,0.0,,27624.0,,,0.0,0.0,,0.0,0.0,0.0,0.0,0.0,0.0,0,0.0,0.0,0,0,,,0,0,0,0.0,100.0,50.0,0.0,50.0,0.0,0.0,0.0,0.0,15.0,50.0,0.0,43.8,58.0,75.0
94,0.0,,,,,0.0,0.0,0.0,,0.0,0.0,0.0,,101055.0,,,0.0,0.0,,0.0,0.0,0.0,0.0,0.0,0.0,0,0.0,0.0,0,0,,,0,0,0,0.0,100.0,50.0,0.0,50.0,0.0,0.0,0.0,0.0,15.0,50.0,0.0,43.8,58.0,75.0
95,0.0,,,,,0.0,0.0,0.0,,0.0,0.0,0.0,,31878.0,,,0.0,0.0,,0.0,0.0,0.0,0.0,0.0,0.0,0,0.0,0.0,0,0,,,0,0,0,0.0,100.0,50.0,0.0,50.0,0.0,0.0,0.0,0.0,15.0,50.0,0.0,43.8,58.0,75.0
96,0.0,,,,,0.0,0.0,0.0,,0.0,0.0,0.0,,56033.0,,,0.0,0.0,,0.0,0.0,0.0,0.0,0.0,0.0,0,0.0,0.0,0,0,,,0,0,0,0.0,100.0,50.0,0.0,50.0,0.0,0.0,0.0,0.0,15.0,50.0,0.0,43.8,58.0,75.0
97,0.0,,,,,0.0,0.0,0.0,,0.0,0.0,0.0,,14621.0,,,0.0,0.0,,0.0,0.0,0.0,0.0,0.0,0.0,0,0.0,0.0,0,0,,,0,0,0,0.0,100.0,50.0,0.0,50.0,0.0,0.0,0.0,0.0,15.0,50.0,0.0,43.8,58.0,75.0
98,0.0,,,,,0.0,0.0,0.0,,0.0,0.0,0.0,,31392.0,,,0.0,0.0,,0.0,0.0,0.0,0.0,0.0,0.0,0,0.0,0.0,0,0,,,0,0,0,0.0,100.0,50.0,0.0,50.0,0.0,0.0,0.0,0.0,15.0,50.0,0.0,43.8,58.0,75.0
99,0.0,,,,,0.0,0.0,0.0,,0.0,0.0,0.0,,57934.0,,,0.0,0.0,,0.0,0.0,0.0,0.0,0.0,0.0,0,0.0,0.0,0,0,,,0,0,0,0.0,100.0,50.0,0.0,50.0,0.0,0.0,0.0,0.0,15.0,50.0,0.0,43.8,58.0,75.0
100,0.0,,,,,0.0,0.0,0.0,,0.0,0.0,0.0,,93.0,,,0.0,0.0,,0.0,0.0,0.0,0.0,0.0,0.0,0,0.0,0.0,0,0,,,0,0,0,0.0,100.0,50.0,0.0,50.0,0.0,0.0,0.0,0.0,15.0,50.0,0.0,43.8,58.0,75.0
101,0.0,,,,,0.0,0.0,0.0,,0.0,0.0,0.0,,49087.0,,,0.0,0.0,,0.0,0.0,0.0,0.0,0.0,0.0,0,0.0,0.0,0,0,,,0,0,0,0.0,100.0,50.0,0.0,50.0,0.0,0.0,0.0,0.0,15.0,50.0,0.0,43.8,58.0,75.0
102,0.0,,,,,0.0,0.0,0.0,,0.0,0.0,0.0,,70016.0,,,0.0,0.0,,0.0,0.0,0.0,0.0,0.0,0.0,0,0.0,0.0,0,0,,,0,0,0,0.0,100.0,50.0,0.0,50.0,0.0,0.0,0.0,0.0,15.0,50.0,0.0,43.8,58.0,75.0
103,0.0,,,,,0.0,0.0,0.0,,0.0,0.0,0.0,,50555.0,,,0.0,0.0,,0.0,0.0,0.0,0.0,0.0,0.0,0,0.0,0.0,0,0,,,0,0,0,0.0,100.0,50.0,0.0,50.0,0.0,0.0,0.0,0.0,15.0,50.0,0.0,43.8,58.0,75.0
104,0.0,,,,,0.0,0.0,0.0,,0.0,0.0,0.0,,24772.0,,,0.0,0.0,,0.0,0.0,0.0,0.0,0.0,0.0,0,0.0,0.0,0,0,,,0,0,0,0.0,100.0,50.0,0.0,50.0,0.0,0.0,0.0,0.0,15.0,50.0,0.0,43.8,58.0,75.0
105,0.0,,,,,0.0,0.0,0.0,,0.0,0.0,0.0,,54208.0,,,0.0,0.0,,0.0,0.0,0.0,0.0,0.0,0.0,0,0.0,0.0,0,0,,,0,0,0,0.0,100.0,50.0,0.0,50.0,0.0,0.0,0.0,0.0,15.0,50.0,0.0,43.8,58.0,75.0
106,0.0,,,,,0.0,0.0,0.0,,0.0,0.0,0.0,,39075.0,,,0.0,0.0,,0.0,0.0,0.0,0.0,0.0,0.0,0,0.0,0.0,0,0,,,0,0,0,0.0,100.0,50.0,0.0,50.0,0.0,0.0,0.0,0.0,15.0,50.0,0.0,43.8,58.0,75.0
107,0.0,,,,,0.0,0.0,0.0,,0.0,0.0,0.0,,136954.0,,,0.0,0.0,,0.0,0.0,0.0,0.0,0.0,0.0,0,0.0,0.0,0,0,,,0,0,0,0.0,100.0,50.0,0.0,50.0,0.0,0.0,0.0,0.0,15.0,50.0,0.0,43.8,58.0,75.0
108,0.0,,,,,0.0,0.0,0.0,,0.0,0.0,0.0,,55839.0,,,0.0,0.0,,0.0,0.0,0.0,0.0,0.0,0.0,0,0.0,0.0,0,0,,,0,0,0,0.0,100.0,50.0,0.0,50.0,0.0,0.0,0.0,0.0,15.0,50.0,0.0,43.8,58.0,75.0
109,0.0,,,,,0.0,0.0,0.0,,0.0,0.0,0.0,,55239.0,,,0.0,0.0,,0.0,0.0,0.0,0.0,0.0,0.0,0,0.0,0.0,0,0,,,0,0,0,0.0,100.0,50.0,0.0,50.0,0.0,0.0,0.0,0.0,15.0,50.0,0.0,43.8,58.0,75.0
110,0.0,,,,,0.0,0.0,0.0,,0.0,0.0,0.0,,40595.0,,,0.0,0.0,,0.0,0.0,0.0,0.0,0.0,0.0,0,0.0,0.0,0,0,,,0,0,0,0.0,100.0,50.0,0.0,50.0,0.0,0.0,0.0,0.0,15.0,50.0,0.0,43.8,58.0,75.0
111,0.0,,,,,0.0,0.0,0.0,,0.0,0.0,0.0,,25807.0,,,0.0,0.0,,0.0,0.0,0.0,0.0,0.0,0.0,0,0.0,0.0,0,0,,,0,0,0,0.0,100.0,50.0,0.0,50.0,0.0,0.0,0.0,0.0,15.0,50.0,0.0,43.8,58.0,75.0
112,0.0,,,,,0.0,0.0,0.0,,0.0,0.0,0.0,,49737.0,,,0.0,0.0,,0.0,0.0,0.0,0.0,0.0,0.0,0,0.0,0.0,0,0,,,0,0,0,0.0,100.0,50.0,0.0,50.0,0.0,0.0,0.0,0.0,15.0,50.0,0.0,43.8,58.0,75.0
113,0.0,,,,,0.0,0.0,0.0,,0.0,0.0,0.0,,48419.0,,,0.0,0.0,,0.0,0.0,0.0,0.0,0.0,0.0,0,0.0,0.0,0,0,,,0,0,0,0.0,100.0,50.0,0.0,50.0,0.0,0.0,0.0,0.0,15.0,50.0,0.0,43.8,58.0,75.0
114,0.0,,,,,0.0,0.0,0.0,,0.0,0.0,0.0,,26184.0,,,0.0,0.0,,0.0,0.0,0.0,0.0,0.0,0.0,0,0.0,0.0,0,0,,,0,0,0,0.0,100.0,50.0,0.0,50.0,0.0,0.0,0.0,0.0,15.0,50.0,0.0,43.8,58.0,75.0
115,0.0,,,,,0.0,0.0,0.0,,0.0,0.0,0.0,,41746.0,,,0.0,0.0,,0.0,0.0,0.0,0.0,0.0,0.0,0,0.0,0.0,0,0,,,0,0,0,0.0,100.0,50.0,0.0,50.0,0.0,0.0,0.0,0.0,15.0,50.0,0.0,43.8,58.0,75.0
116,0.0,,,,,0.0,0.0,0.0,,0.0,0.0,0.0,,68483.0,,,0.0,0.0,,0.0,0.0,0.0,0.0,0.0,0.0,0,0.0,0.0,0,0,,,0,0,0,0.0,100.0,50.0,0.0,50.0,0.0,0.0,0.0,0.0,15.0,50.0,0.0,43.8,58.0,75.0
117,0.0,,,,,0.0,0.0,0.0,,0.0,0.0,0.0,,36757.0,,,0.0,0.0,,0.0,0.0,0.0,0.0,0.0,0.0,0,0.0,0.0,0,0,,,0,0,0,0.0,100.0,50.0,0.0,50.0,0.0,0.0,0.0,0.0,15.0,50.0,0.0,43.8,58.0,75.0
118,0.0,,,,,0.0,0.0,0.0,,0.0,0.0,0.0,,20088.0,,,0.0,0.0,,0.0,0.0,0.0,0.0,0.0,0.0,0,0.0,0.0,0,0,,,0,0,0,0.0,100.0,50.0,0.0,50.0,0.0,0.0,0.0,0.0,15.0,50.0,0.0,43.8,58.0,75.0
119,0.0,,,,,0.0,0.0,0.0,,0.0,0.0,0.0,,52375.0,,,0.0,0.0,,0.0,0.0,0.0,0.0,0.0,0.0,0,0.0,0.0,0,0,,,0,0,0,0.0,100.0,50.0,0.0,50.0,0.0,0.0,0.0,0.0,15.0,50.0,0.0,43.8,58.0,75.0
120,0.0,,,,,0.0,0.0,0.0,,0.0,0.0,0.0,,72258.0,,,0.0,0.0,,0.0,0.0,0.0,0.0,0.0,0.0,0,0.0,0.0,0,0,,,0,0,0,0.0,100.0,50.0,0.0,50.0,0.0,0.0,0.0,0.0,15.0,50.0,0.0,43.8,58.0,75.0
121,0.0,,,,,0.0,0.0,0.0,,0.0,0.0,0.0,,76631.0,,,0.0,0.0,,0.0,0.0,0.0,0.0,0.0,0.0,0,0.0,0.0,0,0,,,0,0,0,0.0,100.0,50.0,0.0,50.0,0.0,0.0,0.0,0.0,15.0,50.0,0.0,43.8,58.0,75.0
122,0.0,,,,,0.0,0.0,0.0,,0.0,0.0,0.0,,76768.0,,,0.0,0.0,,0.0,0.0,0.0,0.0,0.0,0.0,0,0.0,0.0,0,0,,,0,0,0,0.0,100.0,50.0,0.0,50.0,0.0,0.0,0.0,0.0,15.0,50.0,0.0,43.8,58.0,75.0
123,0.0,,,,,0.0,0.0,0.0,,0.0,0.0,0.0,,56899.0,,,0.0,0.0,,0.0,0.0,0.0,0.0,0.0,0.0,0,0.0,0.0,0,0,,,0,0,0,0.0,100.0,50.0,0.0,50.0,0.0,0.0,0.0,0.0,15.0,50.0,0.0,43.8,58.0,75.0
124,0.0,,,,,0.0,0.0,0.0,,0.0,0.0,0.0,,57148.0,,,0.0,0.0,,0.0,0.0,0.0,0.0,0.0,0.0,0,0.0,0.0,0,0,,,0,0,0,0.0,100.0,50.0,0.0,50.0,0.0,0.0,0.0,0.0,15.0,50.0,0.0,43.8,58.0,75.0
125,0.0,,,,,0.0,0.0,0.0,,0.0,0.0,0.0,,73457.0,,,0.0,0.0,,0.0,0.0,0.0,0.0,0.0,0.0,0,0.0,0.0,0,0,,,0,0,0,0.0,100.0,50.0,0.0,50.0,0.0,0.0,0.0,0.0,15.0,50.0,0.0,43.8,58.0,75.0
126,0.0,,,,,0.0,0.0,0.0,,0.0,0.0,0.0,,93671.0,,,0.0,0.0,,0.0,0.0,0.0,0.0,0.0,0.0,0,0.0,0.0,0,0,,,0,0,0,0.0,100.0,50.0,0.0,50.0,0.0,0.0,0.0,0.0,15.0,50.0,0.0,43.8,58.0,75.0
127,0.0,,,,,0.0,0.0,0.0,,0.0,0.0,0.0,,63664.0,,,0.0,0.0,,0.0,0.0,0.0,0.0,0.0,0.0,0,0.0,0.0,0,0,,,0,0,0,0.0,100.0,50.0,0.0,50.0,0.0,0.0,0.0,0.0,15.0,50.0,0.0,43.8,58.0,75.0
128,0.0,,,,,0.0,0.0,0.0,,0.0,0.0,0.0,,19101.0,,,0.0,0.0,,0.0,0.0,0.0,0.0,0.0,0.0,0,0.0,0.0,0,0,,,0,0,0,0.0,100.0,50.0,0.0,50.0,0.0,0.0,0.0,0.0,15.0,50.0,0.0,43.8,58.0,75.0
129,0.0,,,,,0.0,0.0,0.0,,0.0,0.0,0.0,,1662.0,,,0.0,0.0,,0.0,0.0,0.0,0.0,0.0,0.0,0,0.0,0.0,0,0,,,0,0,0,0.0,100.0,50.0,0.0,50.0,0.0,0.0,0.0,0.0,15.0,50.0,0.0,43.8,58.0,75.0
130,0.0,,,,,0.0,0.0,0.0,,0.0,0.0,0.0,,35181.0,,,0.0,0.0,,0.0,0.0,0.0,0.0,0.0,0.0,0,0.0,0.0,0,0,,,0,0,0,0.0,100.0,50.0,0.0,50.0,0.0,0.0,0.0,0.0,15.0,50.0,0.0,43.8,58.0,75.0
131,0.0,,,,,0.0,0.0,0.0,,0.0,0.0,0.0,,25441.0,,,0.0,0.0,,0.0,0.0,0.0,0.0,0.0,0.0,0,0.0,0.0,0,0,,,0,0,0,0.0,100.0,50.0,0.0,50.0,0.0,0.0,0.0,0.0,15.0,50.0,0.0,43.8,58.0,75.0
132,0.0,,,,,0.0,0.0,0.0,,0.0,0.0,0.0,,18950.0,,,0.0,0.0,,0.0,0.0,0.0,0.0,0.0,0.0,0,0.0,0.0,0,0,,,0,0,0,0.0,100.0,50.0,0.0,50.0,0.0,0.0,0.0,0.0,15.0,50.0,0.0,43.8,58.0,75.0
133,0.0,,,,,0.0,0.0,0.0,,0.0,0.0,0.0,,25502.0,,,0.0,0.0,,0.0,0.0,0.0,0.0,0.0,0.0,0,0.0,0.0,0,0,,,0,0,0,0.0,100.0,50.0,0.0,50.0,0.0,0.0,0.0,0.0,15.0,50.0,0.0,43.8,58.0,75.0
134,0.0,,,,,0.0,0.0,0.0,,0.0,0.0,0.0,,26061.0,,,0.0,0.0,,0.0,0.0,0.0,0.0,0.0,0.0,0,0.0,0.0,0,0,,,0,0,0,0.0,100.0,50.0,0.0,50.0,0.0,0.0,0.0,0.0,15.0,50.0,0.0,43.8,58.0,75.0
135,0.0,,,,,0.0,0.0,0.0,,0.0,0.0,0.0,,20747.0,,,0.0,0.0,,0.0,0.0,0.0,0.0,0.0,0.0,0,0.0,0.0,0,0,,,0,0,0,0.0,100.0,50.0,0.0,50.0,0.0,0.0,0.0,0.0,15.0,50.0,0.0,43.8,58.0,75.0
136,0.0,,,,,0.0,0.0,0.0,,0.0,0.0,0.0,,50046.0,,,0.0,0.0,,0.0,0.0,0.0,0.0,0.0,0.0,0,0.0,0.0,0,0,,,0,0,0,0.0,100.0,50.0,0.0,50.0,0.0,0.0,0.0,0.0,15.0,50.0,0.0,43.8,58.0,75.0
137,0.0,,,,,0.0,0.0,0.0,,0.0,0.0,0.0,,26711.0,,,0.0,0.0,,0.0,0.0,0.0,0.0,0.0,0.0,0,0.0,0.0,0,0,,,0,0,0,0.0,100.0,50.0,0.0,50.0,0.0,0.0,0.0,0.0,15.0,50.0,0.0,43.8,58.0,75.0
138,0.0,,,,,0.0,0.0,0.0,,0.0,0.0,0.0,,31645.0,,,0.0,0.0,,0.0,0.0,0.0,0.0,0.0,0.0,0,0.0,0.0,0,0,,,0,0,0,0.0,100.0,50.0,0.0,50.0,0.0,0.0,0.0,0.0,15.0,50.0,0.0,43.8,58.0,75.0
139,0.0,,,,,0.0,0.0,0.0,,0.0,0.0,0.0,,48344.0,,,0.0,0.0,,0.0,0.0,0.0,0.0,0.0,0.0,0,0.0,0.0,0,0,,,0,0,0,0.0,100.0,50.0,0.0,50.0,0.0,0.0,0.0,0.0,15.0,50.0,0.0,43.8,58.0,75.0
140,0.0,,,,,0.0,0.0,0.0,,0.0,0.0,0.0,,85046.0,,,0.0,0.0,,0.0,0.0,0.0,0.0,0.0,0.0,0,0.0,0.0,0,0,,,0,0,0,0.0,100.0,50.0,0.0,50.0,0.0,0.0,0.0,0.0,15.0,50.0,0.0,43.8,58.0,75.0
141,0.0,,,,,0.0,0.0,0.0,,0.0,0.0,0.0,,29404.0,,,0.0,0.0,,0.0,0.0,0.0,0.0,0.0,0.0,0,0.0,0.0,0,0,,,0,0,0,0.0,100.0,50.0,0.0,50.0,0.0,0.0,0.0,0.0,15.0,50.0,0.0,43.8,58.0,75.0
142,0.0,,,,,0.0,0.0,0.0,,0.0,0.0,0.0,,31071.0,,,0.0,0.0,,0.0,0.0,0.0,0.0,0.0,0.0,0,0.0,0.0,0,0,,,0,0,0,0.0,100.0,50.0,0.0,50.0,0.0,0.0,0.0,0.0,15.0,50.0,0.0,43.8,58.0,75.0
143,0.0,,,,,0.0,0.0,0.0,,0.0,0.0,0.0,,69455.0,,,0.0,0.0,,0.0,0.0,0.0,0.0,0.0,0.0,0,0.0,0.0,0,0,,,0,0,0,0.0,100.0,50.0,0.0,50.0,0.0,0.0,0.0,0.0,15.0,50.0,0.0,43.8,58.0,75.0
144,0.0,,,,,0.0,0.0,0.0,,0.0,0.0,0.0,,37629.0,,,0.0,0.0,,0.0,0.0,0.0,0.0,0.0,0.0,0,0.0,0.0,0,0,,,0,0,0,0.0,100.0,50.0,0.0,50.0,0.0,0.0,0.0,0.0,15.0,50.0,0.0,43.8,58.0,75.0
145,0.0,,,,,0.0,0.0,0.0,,0.0,0.0,0.0,,21407.0,,,0.0,0.0,,0.0,0.0,0.0,0.0,0.0,0.0,0,0.0,0.0,0,0,,,0,0,0,0.0,100.0,50.0,0.0,50.0,0.0,0.0,0.0,0.0,15.0,50.0,0.0,43.8,58.0,75.0
146,0.0,,,,,0.0,0.0,0.0,,0.0,0.0,0.0,,52082.0,,,0.0,0.0,,0.0,0.0,0.0,0.0,0.0,0.0,0,0.0,0.0,0,0,,,0,0,0,0.0,100.0,50.0,0.0,50.0,0.0,0.0,0.0,0.0,15.0,50.0,0.0,43.8,58.0,75.0
147,0.0,,,,,0.0,0.0,0.0,,0.0,0.0,0.0,,47156.0,,,0.0,0.0,,0.0,0.0,0.0,0.0,0.0,0.0,0,0.0,0.0,0,0,,,0,0,0,0.0,100.0,50.0,0.0,50.0,0.0,0.0,0.0,0.0,15.0,50.0,0.0,43.8,58.0,75.0
148,0.0,,,,,0.0,0.0,0.0,,0.0,0.0,0.0,,21183.0,,,0.0,0.0,,0.0,0.0,0.0,0.0,0.0,0.0,0,0.0,0.0,0,0,,,0,0,0,0.0,100.0,50.0,0.0,50.0,0.0,0.0,0.0,0.0,15.0,50.0,0.0,43.8,58.0,75.0
149,0.0,,,,,0.0,0.0,0.0,,0.0,0.0,0.0,,113327.0,,,0.0,0.0,,0.0,0.0,0.0,0.0,0.0,0.0,0,0.0,0.0,0,0,,,0,0,0,0.0,100.0,50.0,0.0,50.0,0.0,0.0,0.0,0.0,15.0,50.0,0.0,43.8,58.0,75.0
150,0.0,,,,,0.0,0.0,0.0,,0.0,0.0,0.0,,87972.0,,,0.0,0.0,,0.0,0.0,0.0,0.0,0.0,0.0,0,0.0,0.0,0,0,,,0,0,0,0.0,100.0,50.0,0.0,50.0,0.0,0.0,0.0,0.0,15.0,50.0,0.0,43.8,58.0,75.0
151,0.0,,,,,0.0,0.0,0.0,,0.0,0.0,0.0,,28916.0,,,0.0,0.0,,0.0,0.0,0.0,0.0,0.0,0.0,0,0.0,0.0,0,0,,,0,0,0,0.0,100.0,50.0,0.0,50.0,0.0,0.0,0.0,0.0,15.0,50.0,0.0,43.8,58.0,75.0
152,0.0,,,,,0.0,0.0,0.0,,0.0,0.0,0.0,,61947.0,,,0.0,0.0,,0.0,0.0,0.0,0.0,0.0,0.0,0,0.0,0.0,0,0,,,0,0,0,0.0,100.0,50.0,0.0,50.0,0.0,0.0,0.0,0.0,15.0,50.0,0.0,43.8,58.0,75.0
153,0.0,,,,,0.0,0.0,0.0,,0.0,0.0,0.0,,20944.0,,,0.0,0.0,,0.0,0.0,0.0,0.0,0.0,0.0,0,0.0,0.0,0,0,,,0,0,0,0.0,100.0,50.0,0.0,50.0,0.0,0.0,0.0,0.0,15.0,50.0,0.0,43.8,58.0,75.0
154,0.0,,,,,0.0,0.0,0.0,,0.0,0.0,0.0,,57704.0,,,0.0,0.0,,0.0,0.0,0.0,0.0,0.0,0.0,0,0.0,0.0,0,0,,,0,0,0,0.0,100.0,50.0,0.0,50.0,0.0,0.0,0.0,0.0,15.0,50.0,0.0,43.8,58.0,75.0
155,0.0,,,,,0.0,0.0,0.0,,0.0,0.0,0.0,,38675.0,,,0.0,0.0,,0.0,0.0,0.0,0.0,0.0,0.0,0,0.0,0.0,0,0,,,0,0,0,0.0,100.0,50.0,0.0,50.0,0.0,0.0,0.0,0.0,15.0,50.0,0.0,43.8,58.0,75.0
156,0.0,,,,,0.0,0.0,0.0,,0.0,0.0,0.0,,36052.0,,,0.0,0.0,,0.0,0.0,0.0,0.0,0.0,0.0,0,0.0,0.0,0,0,,,0,0,0,0.0,100.0,50.0,0.0,50.0,0.0,0.0,0.0,0.0,15.0,50.0,0.0,43.8,58.0,75.0
157,0.0,,,,,0.0,0.0,0.0,,0.0,0.0,0.0,,31734.0,,,0.0,0.0,,0.0,0.0,0.0,0.0,0.0,0.0,0,0.0,0.0,0,0,,,0,0,0,0.0,100.0,50.0,0.0,50.0,0.0,0.0,0.0,0.0,15.0,50.0,0.0,43.8,58.0,75.0
158,0.0,,,,,0.0,0.0,0.0,,0.0,0.0,0.0,,17373.0,,,0.0,0.0,,0.0,0.0,0.0,0.0,0.0,0.0,0,0.0,0.0,0,0,,,0,0,0,0.0,100.0,50.0,0.0,50.0,0.0,0.0,0.0,0.0,15.0,50.0,0.0,43.8,58.0,75.0
159,0.0,,,,,0.0,0.0,0.0,,0.0,0.0,0.0,,27873.0,,,0.0,0.0,,0.0,0.0,0.0,0.0,0.0,0.0,0,0.0,0.0,0,0,,,0,0,0,0.0,100.0,50.0,0.0,50.0,0.0,0.0,0.0,0.0,15.0,50.0,0.0,43.8,58.0,75.0
160,0.0,,,,,0.0,0.0,0.0,,0.0,0.0,0.0,,24464.0,,,0.0,0.0,,0.0,0.0,0.0,0.0,0.0,0.0,0,0.0,0.0,0,0,,,0,0,0,0.0,100.0,50.0,0.0,50.0,0.0,0.0,0.0,0.0,15.0,50.0,0.0,43.8,58.0,75.0
161,0.0,,,,,0.0,0.0,0.0,,0.0,0.0,0.0,,22426.0,,,0.0,0.0,,0.0,0.0,0.0,0.0,0.0,0.0,0,0.0,0.0,0,0,,,0,0,0,0.0,100.0,50.0,0.0,50.0,0.0,0.0,0.0,0.0,15.0,50.0,0.0,43.8,58.0,75.0
162,0.0,,,,,0.0,0.0,0.0,,0.0,0.0,0.0,,24356.0,,,0.0,0.0,,0.0,0.0,0.0,0.0,0.0,0.0,0,0.0,0.0,0,0,,,0,0,0,0.0,100.0,50.0,0.0,50.0,0.0,0.0,0.0,0.0,15.0,50.0,0.0,43.8,58.0,75.0
163,0.0,,,,,0.0,0.0,0.0,,0.0,0.0,0.0,,44371.0,,,0.0,0.0,,0.0,0.0,0.0,0.0,0.0,0.0,0,0.0,0.0,0,0,,,0,0,0,0.0,100.0,50.0,0.0,50.0,0.0,0.0,0.0,0.0,15.0,50.0,0.0,43.8,58.0,75.0
164,0.0,,,,,0.0,0.0,0.0,,0.0,0.0,0.0,,22731.0,,,0.0,0.0,,0.0,0.0,0.0,0.0,0.0,0.0,0,0.0,0.0,0,0,,,0,0,0,0.0,100.0,50.0,0.0,50.0,0.0,0.0,0.0,0.0,15.0,50.0,0.0,43.8,58.0,75.0
165,0.0,,,,,0.0,0.0,0.0,,0.0,0.0,0.0,,20201.0,,,0.0,0.0,,0.0,0.0,0.0,0.0,0.0,0.0,0,0.0,0.0,0,0,,,0,0,0,0.0,100.0,50.0,0.0,50.0,0.0,0.0,0.0,0.0,15.0,50.0,0.0,43.8,58.0,75.0
166,0.0,,,,,0.0,0.0,0.0,,0.0,0.0,0.0,,31356.0,,,0.0,0.0,,0.0,0.0,0.0,0.0,0.0,0.0,0,0.0,0.0,0,0,,,0,0,0,0.0,100.0,50.0,0.0,50.0,0.0,0.0,0.0,0.0,15.0,50.0,0.0,43.8,58.0,75.0
167,0.0,,,,,0.0,0.0,0.0,,0.0,0.0,0.0,,24338.0,,,0.0,0.0,,0.0,0.0,0.0,0.0,0.0,0.0,0,0.0,0.0,0,0,,,0,0,0,0.0,100.0,50.0,0.0,50.0,0.0,0.0,0.0,0.0,15.0,50.0,0.0,43.8,58.0,75.0
168,0.0,,,,,0.0,0.0,0.0,,0.0,0.0,0.0,,53009.0,,,0.0,0.0,,0.0,0.0,0.0,0.0,0.0,0.0,0,0.0,0.0,0,0,,,0,0,0,0.0,100.0,50.0,0.0,50.0,0.0,0.0,0.0,0.0,15.0,50.0,0.0,43.8,58.0,75.0
169,0.0,,,,,0.0,0.0,0.0,,0.0,0.0,0.0,,26516.0,,,0.0,0.0,,0.0,0.0,0.0,0.0,0.0,0.0,0,0.0,0.0,0,0,,,0,0,0,0.0,100.0,50.0,0.0,50.0,0.0,0.0,0.0,0.0,15.0,50.0,0.0,43.8,58.0,75.0
170,0.0,,,,,0.0,0.0,0.0,,0.0,0.0,0.0,,54149.0,,,0.0,0.0,,0.0,0.0,0.0,0.0,0.0,0.0,0,0.0,0.0,0,0,,,0,0,0,0.0,100.0,50.0,0.0,50.0,0.0,0.0,0.0,0.0,15.0,50.0,0.0,43.8,58.0,75.0
171,0.0,,,,,0.0,0.0,0.0,,0.0,0.0,0.0,,62985.0,,,0.0,0.0,,0.0,0.0,0.0,0.0,0.0,0.0,0,0.0,0.0,0,0,,,0,0,0,0.0,100.0,50.0,0.0,50.0,0.0,0.0,0.0,0.0,15.0,50.0,0.0,43.8,58.0,75.0
172,0.0,,,,,0.0,0.0,0.0,,0.0,0.0,0.0,,78906.0,,,0.0,0.0,,0.0,0.0,0.0,0.0,0.0,0.0,0,0.0,0.0,0,0,,,0,0,0,0.0,100.0,50.0,0.0,50.0,0.0,0.0,0.0,0.0,15.0,50.0,0.0,43.8,58.0,75.0
173,0.0,,,,,0.0,0.0,0.0,,0.0,0.0,0.0,,21052.0,,,0.0,0.0,,0.0,0.0,0.0,0.0,0.0,0.0,0,0.0,0.0,0,0,,,0,0,0,0.0,100.0,50.0,0.0,50.0,0.0,0.0,0.0,0.0,15.0,50.0,0.0,43.8,58.0,75.0
174,0.0,,,,,0.0,0.0,0.0,,0.0,0.0,0.0,,28121.0,,,0.0,0.0,,0.0,0.0,0.0,0.0,0.0,0.0,0,0.0,0.0,0,0,,,0,0,0,0.0,100.0,50.0,0.0,50.0,0.0,0.0,0.0,0.0,15.0,50.0,0.0,43.8,58.0,75.0
175,0.0,,,,,0.0,0.0,0.0,,0.0,0.0,0.0,,23888.0,,,0.0,0.0,,0.0,0.0,0.0,0.0,0.0,0.0,0,0.0,0.0,0,0,,,0,0,0,0.0,100.0,50.0,0.0,50.0,0.0,0.0,0.0,0.0,15.0,50.0,0.0,43.8,58.0,75.0
176,0.0,,,,,0.0,0.0,0.0,,0.0,0.0,0.0,,51849.0,,,0.0,0.0,,0.0,0.0,0.0,0.0,0.0,0.0,0,0.0,0.0,0,0,,,0,0,0,0.0,100.0,50.0,0.0,50.0,0.0,0.0,0.0,0.0,15.0,50.0,0.0,43.8,58.0,75.0
177,0.0,,,,,0.0,0.0,0.0,,0.0,0.0,0.0,,19309.0,,,0.0,0.0,,0.0,0.0,0.0,0.0,0.0,0.0,0,0.0,0.0,0,0,,,0,0,0,0.0,100.0,50.0,0.0,50.0,0.0,0.0,0.0,0.0,15.0,50.0,0.0,43.8,58.0,75.0
178,0.0,,,,,0.0,0.0,0.0,,0.0,0.0,0.0,,43846.0,,,0.0,0.0,,0.0,0.0,0.0,0.0,0.0,0.0,0,0.0,0.0,0,0,,,0,0,0,0.0,100.0,50.0,0.0,50.0,0.0,0.0,0.0,0.0,15.0,50.0,0.0,43.8,58.0,75.0
179,0.0,,,,,0.0,0.0,0.0,,0.0,0.0,0.0,,26375.0,,,0.0,0.0,,0.0,0.0,0.0,0.0,0.0,0.0,0,0.0,0.0,0,0,,,0,0,0,0.0,100.0,50.0,0.0,50.0,0.0,0.0,0.0,0.0,15.0,50.0,0.0,43.8,58.0,75.0
180,0.0,,,,,0.0,0.0,0.0,,0.0,0.0,0.0,,21104.0,,,0.0,0.0,,0.0,0.0,0.0,0.0,0.0,0.0,0,0.0,0.0,0,0,,,0,0,0,0.0,100.0,50.0,0.0,50.0,0.0,0.0,0.0,0.0,15.0,50.0,0.0,43.8,58.0,75.0
181,0.0,,,,,0.0,0.0,0.0,,0.0,0.0,0.0,,28847.0,,,0.0,0.0,,0.0,0.0,0.0,0.0,0.0,0.0,0,0.0,0.0,0,0,,,0,0,0,0.0,100.0,50.0,0.0,50.0,0.0,0.0,0.0,0.0,15.0,50.0,0.0,43.8,58.0,75.0
182,0.0,,,,,0.0,0.0,0.0,,0.0,0.0,0.0,,53604.0,,,0.0,0.0,,0.0,0.0,0.0,0.0,0.0,0.0,0,0.0,0.0,0,0,,,0,0,0,0.0,100.0,50.0,0.0,50.0,0.0,0.0,0.0,0.0,15.0,50.0,0.0,43.8,58.0,75.0
183,0.0,,,,,0.0,0.0,0.0,,0.0,0.0,0.0,,35729.0,,,0.0,0.0,,0.0,0.0,0.0,0.0,0.0,0.0,0,0.0,0.0,0,0,,,0,0,0,0.0,100.0,50.0,0.0,50.0,0.0,0.0,0.0,0.0,15.0,50.0,0.0,43.8,58.0,75.0
184,0.0,,,,,0.0,0.0,0.0,,0.0,0.0,0.0,,,,,0.0,0.0,,0.0,0.0,0.0,0.0,0.0,0.0,0,0.0,0.0,0,0,,,0,0,0,0.0,100.0,50.0,0.0,50.0,0.0,0.0,0.0,0.0,15.0,50.0,0.0,43.8,58.0,75.0
185,0.0,,,,,0.0,0.0,0.0,,0.0,0.0,0.0,,1785.0,,,0.0,0.0,,0.0,0.0,0.0,0.0,0.0,0.0,0,0.0,0.0,0,0,,,0,0,0,0.0,100.0,50.0,0.0,50.0,0.0,0.0,0.0,0.0,15.0,50.0,0.0,43.8,58.0,75.0
186,0.0,,,,,0.0,0.0,0.0,,0.0,0.0,0.0,,26376.0,,,0.0,0.0,,0.0,0.0,0.0,0.0,0.0,0.0,0,0.0,0.0,0,0,,,0,0,0,0.0,100.0,50.0,0.0,50.0,0.0,0.0,0.0,0.0,15.0,50.0,0.0,43.8,58.0,75.0
187,0.0,,,,,0.0,0.0,0.0,,0.0,0.0,0.0,,39309.0,,,0.0,0.0,,0.0,0.0,0.0,0.0,0.0,0.0,0,0.0,0.0,0,0,,,0,0,0,0.0,100.0,50.0,0.0,50.0,0.0,0.0,0.0,0.0,15.0,50.0,0.0,43.8,58.0,75.0
188,0.0,,,,,0.0,0.0,0.0,,0.0,0.0,0.0,,23790.0,,,0.0,0.0,,0.0,0.0,0.0,0.0,0.0,0.0,0,0.0,0.0,0,0,,,0,0,0,0.0,100.0,50.0,0.0,50.0,0.0,0.0,0.0,0.0,15.0,50.0,0.0,43.8,58.0,75.0
189,0.0,,,,,0.0,0.0,0.0,,0.0,0.0,0.0,,19834.0,,,0.0,0.0,,0.0,0.0,0.0,0.0,0.0,0.0,0,0.0,0.0,0,0,,,0,0,0,0.0,100.0,50.0,0.0,50.0,0.0,0.0,0.0,0.0,15.0,50.0,0.0,43.8,58.0,75.0
190,0.0,,,,,0.0,0.0,0.0,,0.0,0.0,0.0,,18332.0,,,0.0,0.0,,0.0,0.0,0.0,0.0,0.0,0.0,0,0.0,0.0,0,0,,,0,0,0,0.0,100.0,50.0,0.0,50.0,0.0,0.0,0.0,0.0,15.0,50.0,0.0,43.8,58.0,75.0
191,0.0,,,,,0.0,0.0,0.0,,0.0,0.0,0.0,,27957.0,,,0.0,0.0,,0.0,0.0,0.0,0.0,0.0,0.0,0,0.0,0.0,0,0,,,0,0,0,0.0,100.0,50.0,0.0,50.0,0.0,0.0,0.0,0.0,15.0,50.0,0.0,43.8,58.0,75.0
192,0.0,,,,,0.0,0.0,0.0,,0.0,0.0,0.0,,15238.0,,,0.0,0.0,,0.0,0.0,0.0,0.0,0.0,0.0,0,0.0,0.0,0,0,,,0,0,0,0.0,100.0,50.0,0.0,50.0,0.0,0.0,0.0,0.0,15.0,50.0,0.0,43.8,58.0,75.0
193,0.0,,,,,0.0,0.0,0.0,,0.0,0.0,0.0,,32154.0,,,0.0,0.0,,0.0,0.0,0.0,0.0,0.0,0.0,0,0.0,0.0,0,0,,,0,0,0,0.0,100.0,50.0,0.0,50.0,0.0,0.0,0.0,0.0,15.0,50.0,0.0,43.8,58.0,75.0
194,0.0,,,,,0.0,0.0,0.0,,0.0,0.0,0.0,,30762.0,,,0.0,0.0,,0.0,0.0,0.0,0.0,0.0,0.0,0,0.0,0.0,0,0,,,0,0,0,0.0,100.0,50.0,0.0,50.0,0.0,0.0,0.0,0.0,15.0,50.0,0.0,43.8,58.0,75.0
195,0.0,,,,,0.0,0.0,0.0,,0.0,0.0,0.0,,22266.0,,,0.0,0.0,,0.0,0.0,0.0,0.0,0.0,0.0,0,0.0,0.0,0,0,,,0,0,0,0.0,100.0,50.0,0.0,50.0,0.0,0.0,0.0,0.0,15.0,50.0,0.0,43.8,58.0,75.0
196,0.0,,,,,0.0,0.0,0.0,,0.0,0.0,0.0,,18042.0,,,0.0,0.0,,0.0,0.0,0.0,0.0,0.0,0.0,0,0.0,0.0,0,0,,,0,0,0,0.0,100.0,50.0,0.0,50.0,0.0,0.0,0.0,0.0,15.0,50.0,0.0,43.8,58.0,75.0
197,0.0,,,,,0.0,0.0,0.0,,0.0,0.0,0.0,,18894.0,,,0.0,0.0,,0.0,0.0,0.0,0.0,0.0,0.0,0,0.0,0.0,0,0,,,0,0,0,0.0,100.0,50.0,0.0,50.0,0.0,0.0,0.0,0.0,15.0,50.0,0.0,43.8,58.0,75.0
198,0.0,,,,,0.0,0.0,0.0,,0.0,0.0,0.0,,16784.0,,,0.0,0.0,,0.0,0.0,0.0,0.0,0.0,0.0,0,0.0,0.0,0,0,,,0,0,0,0.0,100.0,50.0,0.0,50.0,0.0,0.0,0.0,0.0,15.0,50.0,0.0,43.8,58.0,75.0
199,0.0,,,,,0.0,0.0,0.0,,0.0,0.0,0.0,,23017.0,,,0.0,0.0,,0.0,0.0,0.0,0.0,0.0,0.0,0,0.0,0.0,0,0,,,0,0,0,0.0,100.0,50.0,0.0,50.0,0.0,0.0,0.0,0.0,15.0,50.0,0.0,43.8,58.0,75.0
200,0.0,,,,,0.0,0.0,0.0,,0.0,0.0,0.0,,24048.0,,,0.0,0.0,,0.0,0.0,0.0,0.0,0.0,0.0,0,0.0,0.0,0,0,,,0,0,0,0.0,100.0,50.0,0.0,50.0,0.0,0.0,0.0,0.0,15.0,50.0,0.0,43.8,58.0,75.0
201,0.0,,,,,0.0,0.0,0.0,,0.0,0.0,0.0,,20242.0,,,0.0,0.0,,0.0,0.0,0.0,0.0,0.0,0.0,0,0.0,0.0,0,0,,,0,0,0,0.0,100.0,50.0,0.0,50.0,0.0,0.0,0.0,0.0,15.0,50.0,0.0,43.8,58.0,75.0
202,0.0,,,,,0.0,0.0,0.0,,0.0,0.0,0.0,,24996.0,,,0.0,0.0,,0.0,0.0,0.0,0.0,0.0,0.0,0,0.0,0.0,0,0,,,0,0,0,0.0,100.0,50.0,0.0,50.0,0.0,0.0,0.0,0.0,15.0,50.0,0.0,43.8,58.0,75.0
203,0.0,,,,,0.0,0.0,0.0,,0.0,0.0,0.0,,41680.0,,,0.0,0.0,,0.0,0.0,0.0,0.0,0.0,0.0,0,0.0,0.0,0,0,,,0,0,0,0.0,100.0,50.0,0.0,50.0,0.0,0.0,0.0,0.0,15.0,50.0,0.0,43.8,58.0,75.0
204,0.0,,,,,0.0,0.0,0.0,,0.0,0.0,0.0,,7.0,,,0.0,0.0,,0.0,0.0,0.0,0.0,0.0,0.0,0,0.0,0.0,0,0,,,0,0,0,0.0,100.0,50.0,0.0,50.0,0.0,0.0,0.0,0.0,15.0,50.0,0.0,43.8,58.0,75.0
205,0.0,,,,,0.0,0.0,0.0,,0.0,0.0,0.0,,31078.0,,,0.0,0.0,,0.0,0.0,0.0,0.0,0.0,0.0,0,0.0,0.0,0,0,,,0,0,0,0.0,100.0,50.0,0.0,50.0,0.0,0.0,0.0,0.0,15.0,50.0,0.0,43.8,58.0,75.0
206,0.0,,,,,0.0,0.0,0.0,,0.0,0.0,0.0,,34517.0,,,0.0,0.0,,0.0,0.0,0.0,0.0,0.0,0.0,0,0.0,0.0,0,0,,,0,0,0,0.0,100.0,50.0,0.0,50.0,0.0,0.0,0.0,0.0,15.0,50.0,0.0,43.8,58.0,75.0
207,0.0,,,,,0.0,0.0,0.0,,0.0,0.0,0.0,,54415.0,,,0.0,0.0,,0.0,0.0,0.0,0.0,0.0,0.0,0,0.0,0.0,0,0,,,0,0,0,0.0,100.0,50.0,0.0,50.0,0.0,0.0,0.0,0.0,15.0,50.0,0.0,43.8,58.0,75.0
208,0.0,,,,,0.0,0.0,0.0,,0.0,0.0,0.0,,27378.0,,,0.0,0.0,,0.0,0.0,0.0,0.0,0.0,0.0,0,0.0,0.0,0,0,,,0,0,0,0.0,100.0,50.0,0.0,50.0,0.0,0.0,0.0,0.0,15.0,50.0,0.0,43.8,58.0,75.0
209,0.0,,,,,0.0,0.0,0.0,,0.0,0.0,0.0,,35538.0,,,0.0,0.0,,0.0,0.0,0.0,0.0,0.0,0.0,0,0.0,0.0,0,0,,,0,0,0,0.0,100.0,50.0,0.0,50.0,0.0,0.0,0.0,0.0,15.0,50.0,0.0,43.8,58.0,75.0
210,0.0,,,,,0.0,0.0,0.0,,0.0,0.0,0.0,,35011.0,,,0.0,0.0,,0.0,0.0,0.0,0.0,0.0,0.0,0,0.0,0.0,0,0,,,0,0,0,0.0,100.0,50.0,0.0,50.0,0.0,0.0,0.0,0.0,15.0,50.0,0.0,43.8,58.0,75.0
211,0.0,,,,,0.0,0.0,0.0,,0.0,0.0,0.0,,53686.0,,,0.0,0.0,,0.0,0.0,0.0,0.0,0.0,0.0,0,0.0,0.0,0,0,,,0,0,0,0.0,100.0,50.0,0.0,50.0,0.0,0.0,0.0,0.0,15.0,50.0,0.0,43.8,58.0,75.0
212,0.0,,,,,0.0,0.0,0.0,,0.0,0.0,0.0,,26583.0,,,0.0,0.0,,0.0,0.0,0.0,0.0,0.0,0.0,0,0.0,0.0,0,0,,,0,0,0,0.0,100.0,50.0,0.0,50.0,0.0,0.0,0.0,0.0,15.0,50.0,0.0,43.8,58.0,75.0
213,0.0,,,,,0.0,0.0,0.0,,0.0,0.0,0.0,,43752.0,,,0.0,0.0,,0.0,0.0,0.0,0.0,0.0,0.0,0,0.0,0.0,0,0,,,0,0,0,0.0,100.0,50.0,0.0,50.0,0.0,0.0,0.0,0.0,15.0,50.0,0.0,43.8,58.0,75.0
214,0.0,,,,,0.0,0.0,0.0,,0.0,0.0,0.0,,62284.0,,,0.0,0.0,,0.0,0.0,0.0,0.0,0.0,0.0,0,0.0,0.0,0,0,,,0,0,0,0.0,100.0,50.0,0.0,50.0,0.0,0.0,0.0,0.0,15.0,50.0,0.0,43.8,58.0,75.0
215,0.0,,,,,0.0,0.0,0.0,,0.0,0.0,0.0,,43423.0,,,0.0,0.0,,0.0,0.0,0.0,0.0,0.0,0.0,0,0.0,0.0,0,0,,,0,0,0,0.0,100.0,50.0,0.0,50.0,0.0,0.0,0.0,0.0,15.0,50.0,0.0,43.8,58.0,75.0
216,0.0,,,,,0.0,0.0,0.0,,0.0,0.0,0.0,,27860.0,,,0.0,0.0,,0.0,0.0,0.0,0.0,0.0,0.0,0,0.0,0.0,0,0,,,0,0,0,0.0,100.0,50.0,0.0,50.0,0.0,0.0,0.0,0.0,15.0,50.0,0.0,43.8,58.0,75.0
217,0.0,,,,,0.0,0.0,0.0,,0.0,0.0,0.0,,37727.0,,,0.0,0.0,,0.0,0.0,0.0,0.0,0.0,0.0,0,0.0,0.0,0,0,,,0,0,0,0.0,100.0,50.0,0.0,50.0,0.0,0.0,0.0,0.0,15.0,50.0,0.0,43.8,58.0,75.0
218,0.0,,,,,0.0,0.0,0.0,,0.0,0.0,0.0,,27204.0,,,0.0,0.0,,0.0,0.0,0.0,0.0,0.0,0.0,0,0.0,0.0,0,0,,,0,0,0,0.0,100.0,50.0,0.0,50.0,0.0,0.0,0.0,0.0,15.0,50.0,0.0,43.8,58.0,75.0
219,0.0,,,,,0.0,0.0,0.0,,0.0,0.0,0.0,,50100.0,,,0.0,0.0,,0.0,0.0,0.0,0.0,0.0,0.0,0,0.0,0.0,0,0,,,0,0,0,0.0,100.0,50.0,0.0,50.0,0.0,0.0,0.0,0.0,15.0,50.0,0.0,43.8,58.0,75.0
220,0.0,,,,,0.0,0.0,0.0,,0.0,0.0,0.0,,30161.0,,,0.0,0.0,,0.0,0.0,0.0,0.0,0.0,0.0,0,0.0,0.0,0,0,,,0,0,0,0.0,100.0,50.0,0.0,50.0,0.0,0.0,0.0,0.0,15.0,50.0,0.0,43.8,58.0,75.0
221,0.0,,,,,0.0,0.0,0.0,,0.0,0.0,0.0,,32496.0,,,0.0,0.0,,0.0,0.0,0.0,0.0,0.0,0.0,0,0.0,0.0,0,0,,,0,0,0,0.0,100.0,50.0,0.0,50.0,0.0,0.0,0.0,0.0,15.0,50.0,0.0,43.8,58.0,75.0
222,0.0,,,,,0.0,0.0,0.0,,0.0,0.0,0.0,,28903.0,,,0.0,0.0,,0.0,0.0,0.0,0.0,0.0,0.0,0,0.0,0.0,0,0,,,0,0,0,0.0,100.0,50.0,0.0,50.0,0.0,0.0,0.0,0.0,15.0,50.0,0.0,43.8,58.0,75.0
223,0.0,,,,,0.0,0.0,0.0,,0.0,0.0,0.0,,26196.0,,,0.0,0.0,,0.0,0.0,0.0,0.0,0.0,0.0,0,0.0,0.0,0,0,,,0,0,0,0.0,100.0,50.0,0.0,50.0,0.0,0.0,0.0,0.0,15.0,50.0,0.0,43.8,58.0,75.0
224,0.0,,,,,0.0,0.0,0.0,,0.0,0.0,0.0,,39214.0,,,0.0,0.0,,0.0,0.0,0.0,0.0,0.0,0.0,0,0.0,0.0,0,0,,,0,0,0,0.0,100.0,50.0,0.0,50.0,0.0,0.0,0.0,0.0,15.0,50.0,0.0,43.8,58.0,75.0
225,0.0,,,,,0.0,0.0,0.0,,0.0,0.0,0.0,,37865.0,,,0.0,0.0,,0.0,0.0,0.0,0.0,0.0,0.0,0,0.0,0.0,0,0,,,0,0,0,0.0,100.0,50.0,0.0,50.0,0.0,0.0,0.0,0.0,15.0,50.0,0.0,43.8,58.0,75.0
226,0.0,,,,,0.0,0.0,0.0,,0.0,0.0,0.0,,54188.0,,,0.0,0.0,,0.0,0.0,0.0,0.0,0.0,0.0,0,0.0,0.0,0,0,,,0,0,0,0.0,100.0,50.0,0.0,50.0,0.0,0.0,0.0,0.0,15.0,50.0,0.0,43.8,58.0,75.0
227,0.0,,,,,0.0,0.0,0.0,,0.0,0.0,0.0,,29250.0,,,0.0,0.0,,0.0,0.0,0.0,0.0,0.0,0.0,0,0.0,0.0,0,0,,,0,0,0,0.0,100.0,50.0,0.0,50.0,0.0,0.0,0.0,0.0,15.0,50.0,0.0,43.8,58.0,75.0
228,0.0,,,,,0.0,0.0,0.0,,0.0,0.0,0.0,,52413.0,,,0.0,0.0,,0.0,0.0,0.0,0.0,0.0,0.0,0,0.0,0.0,0,0,,,0,0,0,0.0,100.0,50.0,0.0,50.0,0.0,0.0,0.0,0.0,15.0,50.0,0.0,43.8,58.0,75.0
229,0.0,,,,,0.0,0.0,0.0,,0.0,0.0,0.0,,28262.0,,,0.0,0.0,,0.0,0.0,0.0,0.0,0.0,0.0,0,0.0,0.0,0,0,,,0,0,0,0.0,100.0,50.0,0.0,50.0,0.0,0.0,0.0,0.0,15.0,50.0,0.0,43.8,58.0,75.0
230,0.0,,,,,0.0,0.0,0.0,,0.0,0.0,0.0,,51807.0,,,0.0,0.0,,0.0,0.0,0.0,0.0,0.0,0.0,0,0.0,0.0,0,0,,,0,0,0,0.0,100.0,50.0,0.0,50.0,0.0,0.0,0.0,0.0,15.0,50.0,0.0,43.8,58.0,75.0
231,0.0,,,,,0.0,0.0,0.0,,0.0,0.0,0.0,,40494.0,,,0.0,0.0,,0.0,0.0,0.0,0.0,0.0,0.0,0,0.0,0.0,0,0,,,0,0,0,0.0,100.0,50.0,0.0,50.0,0.0,0.0,0.0,0.0,15.0,50.0,0.0,43.8,58.0,75.0
232,0.0,,,,,0.0,0.0,0.0,,0.0,0.0,0.0,,61321.0,,,0.0,0.0,,0.0,0.0,0.0,0.0,0.0,0.0,0,0.0,0.0,0,0,,,0,0,0,0.0,100.0,50.0,0.0,50.0,0.0,0.0,0.0,0.0,15.0,50.0,0.0,43.8,58.0,75.0
233,0.0,,,,,0.0,0.0,0.0,,0.0,0.0,0.0,,29821.0,,,0.0,0.0,,0.0,0.0,0.0,0.0,0.0,0.0,0,0.0,0.0,0,0,,,0,0,0,0.0,100.0,50.0,0.0,50.0,0.0,0.0,0.0,0.0,15.0,50.0,0.0,43.8,58.0,75.0
234,0.0,,,,,0.0,0.0,0.0,,0.0,0.0,0.0,,30073.0,,,0.0,0.0,,0.0,0.0,0.0,0.0,0.0,0.0,0,0.0,0.0,0,0,,,0,0,0,0.0,100.0,50.0,0.0,50.0,0.0,0.0,0.0,0.0,15.0,50.0,0.0,43.8,58.0,75.0
235,0.0,,,,,0.0,0.0,0.0,,0.0,0.0,0.0,,44167.0,,,0.0,0.0,,0.0,0.0,0.0,0.0,0.0,0.0,0,0.0,0.0,0,0,,,0,0,0,0.0,100.0,50.0,0.0,50.0,0.0,0.0,0.0,0.0,15.0,50.0,0.0,43.8,58.0,75.0
236,0.0,,,,,0.0,0.0,0.0,,0.0,0.0,0.0,,35634.0,,,0.0,0.0,,0.0,0.0,0.0,0.0,0.0,0.0,0,0.0,0.0,0,0,,,0,0,0,0.0,100.0,50.0,0.0,50.0,0.0,0.0,0.0,0.0,15.0,50.0,0.0,43.8,58.0,75.0
237,0.0,,,,,0.0,0.0,0.0,,0.0,0.0,0.0,,27248.0,,,0.0,0.0,,0.0,0.0,0.0,0.0,0.0,0.0,0,0.0,0.0,0,0,,,0,0,0,0.0,100.0,50.0,0.0,50.0,0.0,0.0,0.0,0.0,15.0,50.0,0.0,43.8,58.0,75.0
238,0.0,,,,,0.0,0.0,0.0,,0.0,0.0,0.0,,42483.0,,,0.0,0.0,,0.0,0.0,0.0,0.0,0.0,0.0,0,0.0,0.0,0,0,,,0,0,0,0.0,100.0,50.0,0.0,50.0,0.0,0.0,0.0,0.0,15.0,50.0,0.0,43.8,58.0,75.0
239,0.0,,,,,0.0,0.0,0.0,,0.0,0.0,0.0,,39282.0,,,0.0,0.0,,0.0,0.0,0.0,0.0,0.0,0.0,0,0.0,0.0,0,0,,,0,0,0,0.0,100.0,50.0,0.0,50.0,0.0,0.0,0.0,0.0,15.0,50.0,0.0,43.8,58.0,75.0
240,0.0,,,,,0.0,0.0,0.0,,0.0,0.0,0.0,,20277.0,,,0.0,0.0,,0.0,0.0,0.0,0.0,0.0,0.0,0,0.0,0.0,0,0,,,0,0,0,0.0,100.0,50.0,0.0,50.0,0.0,0.0,0.0,0.0,15.0,50.0,0.0,43.8,58.0,75.0
241,0.0,,,,,0.0,0.0,0.0,,0.0,0.0,0.0,,11091.0,,,0.0,0.0,,0.0,0.0,0.0,0.0,0.0,0.0,0,0.0,0.0,0,0,,,0,0,0,0.0,100.0,50.0,0.0,50.0,0.0,0.0,0.0,0.0,15.0,50.0,0.0,43.8,58.0,75.0
242,0.0,,,,,0.0,0.0,0.0,,0.0,0.0,0.0,,1906.0,,,0.0,0.0,,0.0,0.0,0.0,0.0,0.0,0.0,0,0.0,0.0,0,0,,,0,0,0,0.0,100.0,50.0,0.0,50.0,0.0,0.0,0.0,0.0,15.0,50.0,0.0,43.8,58.0,75.0
243,0.0,,,,,0.0,0.0,0.0,,0.0,0.0,0.0,,22887.0,,,0.0,0.0,,0.0,0.0,0.0,0.0,0.0,0.0,0,0.0,0.0,0,0,,,0,0,0,0.0,100.0,50.0,0.0,50.0,0.0,0.0,0.0,0.0,15.0,50.0,0.0,43.8,58.0,75.0
244,0.0,,,,,0.0,0.0,0.0,,0.0,0.0,0.0,,64518.0,,,0.0,0.0,,0.0,0.0,0.0,0.0,0.0,0.0,0,0.0,0.0,0,0,,,0,0,0,0.0,100.0,50.0,0.0,50.0,0.0,0.0,0.0,0.0,15.0,50.0,0.0,43.8,58.0,75.0
245,0.0,,,,,0.0,0.0,0.0,,0.0,0.0,0.0,,35547.0,,,0.0,0.0,,0.0,0.0,0.0,0.0,0.0,0.0,0,0.0,0.0,0,0,,,0,0,0,0.0,100.0,50.0,0.0,50.0,0.0,0.0,0.0,0.0,15.0,50.0,0.0,43.8,58.0,75.0
246,0.0,,,,,0.0,0.0,0.0,,0.0,0.0,0.0,,31965.0,,,0.0,0.0,,0.0,0.0,0.0,0.0,0.0,0.0,0,0.0,0.0,0,0,,,0,0,0,0.0,100.0,50.0,0.0,50.0,0.0,0.0,0.0,0.0,15.0,50.0,0.0,43.8,58.0,75.0
247,0.0,,,,,0.0,0.0,0.0,,0.0,0.0,0.0,,17750.0,,,0.0,0.0,,0.0,0.0,0.0,0.0,0.0,0.0,0,0.0,0.0,0,0,,,0,0,0,0.0,100.0,50.0,0.0,50.0,0.0,0.0,0.0,0.0,15.0,50.0,0.0,43.8,58.0,75.0
248,0.0,,,,,0.0,0.0,0.0,,0.0,0.0,0.0,,44316.0,,,0.0,0.0,,0.0,0.0,0.0,0.0,0.0,0.0,0,0.0,0.0,0,0,,,0,0,0,0.0,100.0,50.0,0.0,50.0,0.0,0.0,0.0,0.0,15.0,50.0,0.0,43.8,58.0,75.0
249,0.0,,,,,0.0,0.0,0.0,,0.0,0.0,0.0,,29436.0,,,0.0,0.0,,0.0,0.0,0.0,0.0,0.0,0.0,0,0.0,0.0,0,0,,,0,0,0,0.0,100.0,50.0,0.0,50.0,0.0,0.0,0.0,0.0,15.0,50.0,0.0,43.8,58.0,75.0
250,0.0,,,,,0.0,0.0,0.0,,0.0,0.0,0.0,,29931.0,,,0.0,0.0,,0.0,0.0,0.0,0.0,0.0,0.0,0,0.0,0.0,0,0,,,0,0,0,0.0,100.0,50.0,0.0,50.0,0.0,0.0,0.0,0.0,15.0,50.0,0.0,43.8,58.0,75.0
251,0.0,,,,,0.0,0.0,0.0,,0.0,0.0,0.0,,88727.0,,,0.0,0.0,,0.0,0.0,0.0,0.0,0.0,0.0,0,0.0,0.0,0,0,,,0,0,0,0.0,100.0,50.0,0.0,50.0,0.0,0.0,0.0,0.0,15.0,50.0,0.0,43.8,58.0,75.0
252,0.0,,,,,0.0,0.0,0.0,,0.0,0.0,0.0,,62978.0,,,0.0,0.0,,0.0,0.0,0.0,0.0,0.0,0.0,0,0.0,0.0,0,0,,,0,0,0,0.0,100.0,50.0,0.0,50.0,0.0,0.0,0.0,0.0,15.0,50.0,0.0,43.8,58.0,75.0
253,0.0,,,,,0.0,0.0,0.0,,0.0,0.0,0.0,,42419.0,,,0.0,0.0,,0.0,0.0,0.0,0.0,0.0,0.0,0,0.0,0.0,0,0,,,0,0,0,0.0,100.0,50.0,0.0,50.0,0.0,0.0,0.0,0.0,15.0,50.0,0.0,43.8,58.0,75.0
254,0.0,,,,,0.0,0.0,0.0,,0.0,0.0,0.0,,79371.0,,,0.0,0.0,,0.0,0.0,0.0,0.0,0.0,0.0,0,0.0,0.0,0,0,,,0,0,0,0.0,100.0,50.0,0.0,50.0,0.0,0.0,0.0,0.0,15.0,50.0,0.0,43.8,58.0,75.0
255,0.0,,,,,0.0,0.0,0.0,,0.0,0.0,0.0,,54041.0,,,0.0,0.0,,0.0,0.0,0.0,0.0,0.0,0.0,0,0.0,0.0,0,0,,,0,0,0,0.0,100.0,50.0,0.0,50.0,0.0,0.0,0.0,0.0,15.0,50.0,0.0,43.8,58.0,75.0
256,0.0,,,,,0.0,0.0,0.0,,0.0,0.0,0.0,,38353.0,,,0.0,0.0,,0.0,0.0,0.0,0.0,0.0,0.0,0,0.0,0.0,0,0,,,0,0,0,0.0,100.0,50.0,0.0,50.0,0.0,0.0,0.0,0.0,15.0,50.0,0.0,43.8,58.0,75.0
257,0.0,,,,,0.0,0.0,0.0,,0.0,0.0,0.0,,72340.0,,,0.0,0.0,,0.0,0.0,0.0,0.0,0.0,0.0,0,0.0,0.0,0,0,,,0,0,0,0.0,100.0,50.0,0.0,50.0,0.0,0.0,0.0,0.0,15.0,50.0,0.0,43.8,58.0,75.0
258,0.0,,,,,0.0,0.0,0.0,,0.0,0.0,0.0,,63504.0,,,0.0,0.0,,0.0,0.0,0.0,0.0,0.0,0.0,0,0.0,0.0,0,0,,,0,0,0,0.0,100.0,50.0,0.0,50.0,0.0,0.0,0.0,0.0,15.0,50.0,0.0,43.8,58.0,75.0
259,0.0,,,,,0.0,0.0,0.0,,0.0,0.0,0.0,,67649.0,,,0.0,0.0,,0.0,0.0,0.0,0.0,0.0,0.0,0,0.0,0.0,0,0,,,0,0,0,0.0,100.0,50.0,0.0,50.0,0.0,0.0,0.0,0.0,15.0,50.0,0.0,43.8,58.0,75.0
260,0.0,,,,,0.0,0.0,0.0,,0.0,0.0,0.0,,34495.0,,,0.0,0.0,,0.0,0.0,0.0,0.0,0.0,0.0,0,0.0,0.0,0,0,,,0,0,0,0.0,100.0,50.0,0.0,50.0,0.0,0.0,0.0,0.0,15.0,50.0,0.0,43.8,58.0,75.0
261,0.0,,,,,0.0,0.0,0.0,,0.0,0.0,0.0,,20988.0,,,0.0,0.0,,0.0,0.0,0.0,0.0,0.0,0.0,0,0.0,0.0,0,0,,,0,0,0,0.0,100.0,50.0,0.0,50.0,0.0,0.0,0.0,0.0,15.0,50.0,0.0,43.8,58.0,75.0
262,0.0,,,,,0.0,0.0,0.0,,0.0,0.0,0.0,,36891.0,,,0.0,0.0,,0.0,0.0,0.0,0.0,0.0,0.0,0,0.0,0.0,0,0,,,0,0,0,0.0,100.0,50.0,0.0,50.0,0.0,0.0,0.0,0.0,15.0,50.0,0.0,43.8,58.0,75.0
263,0.0,,,,,0.0,0.0,0.0,,0.0,0.0,0.0,,105804.0,,,0.0,0.0,,0.0,0.0,0.0,0.0,0.0,0.0,0,0.0,0.0,0,0,,,0,0,0,0.0,100.0,50.0,0.0,50.0,0.0,0.0,0.0,0.0,15.0,50.0,0.0,43.8,58.0,75.0
264,0.0,,,,,0.0,0.0,0.0,,0.0,0.0,0.0,,52835.0,,,0.0,0.0,,0.0,0.0,0.0,0.0,0.0,0.0,0,0.0,0.0,0,0,,,0,0,0,0.0,100.0,50.0,0.0,50.0,0.0,0.0,0.0,0.0,15.0,50.0,0.0,43.8,58.0,75.0
265,0.0,,,,,0.0,0.0,0.0,,0.0,0.0,0.0,,38917.0,,,0.0,0.0,,0.0,0.0,0.0,0.0,0.0,0.0,0,0.0,0.0,0,0,,,0,0,0,0.0,100.0,50.0,0.0,50.0,0.0,0.0,0.0,0.0,15.0,50.0,0.0,43.8,58.0,75.0
266,0.0,,,,,0.0,0.0,0.0,,0.0,0.0,0.0,,45231.0,,,0.0,0.0,,0.0,0.0,0.0,0.0,0.0,0.0,0,0.0,0.0,0,0,,,0,0,0,0.0,100.0,50.0,0.0,50.0,0.0,0.0,0.0,0.0,15.0,50.0,0.0,43.8,58.0,75.0
267,0.0,,,,,0.0,0.0,0.0,,0.0,0.0,0.0,,20299.0,,,0.0,0.0,,0.0,0.0,0.0,0.0,0.0,0.0,0,0.0,0.0,0,0,,,0,0,0,0.0,100.0,50.0,0.0,50.0,0.0,0.0,0.0,0.0,15.0,50.0,0.0,43.8,58.0,75.0
268,0.0,,,,,0.0,0.0,0.0,,0.0,0.0,0.0,,83693.0,,,0.0,0.0,,0.0,0.0,0.0,0.0,0.0,0.0,0,0.0,0.0,0,0,,,0,0,0,0.0,100.0,50.0,0.0,50.0,0.0,0.0,0.0,0.0,15.0,50.0,0.0,43.8,58.0,75.0
269,0.0,,,,,0.0,0.0,0.0,,0.0,0.0,0.0,,64762.0,,,0.0,0.0,,0.0,0.0,0.0,0.0,0.0,0.0,0,0.0,0.0,0,0,,,0,0,0,0.0,100.0,50.0,0.0,50.0,0.0,0.0,0.0,0.0,15.0,50.0,0.0,43.8,58.0,75.0
270,0.0,,,,,0.0,0.0,0.0,,0.0,0.0,0.0,,67459.0,,,0.0,0.0,,0.0,0.0,0.0,0.0,0.0,0.0,0,0.0,0.0,0,0,,,0,0,0,0.0,100.0,50.0,0.0,50.0,0.0,0.0,0.0,0.0,15.0,50.0,0.0,43.8,58.0,75.0
271,0.0,,,,,0.0,0.0,0.0,,0.0,0.0,0.0,,103169.0,,,0.0,0.0,,0.0,0.0,0.0,0.0,0.0,0.0,0,0.0,0.0,0,0,,,0,0,0,0.0,100.0,50.0,0.0,50.0,0.0,0.0,0.0,0.0,15.0,50.0,0.0,43.8,58.0,75.0
272,0.0,,,,,0.0,0.0,0.0,,0.0,0.0,0.0,,39670.0,,,0.0,0.0,,0.0,0.0,0.0,0.0,0.0,0.0,0,0.0,0.0,0,0,,,0,0,0,0.0,100.0,50.0,0.0,50.0,0.0,0.0,0.0,0.0,15.0,50.0,0.0,43.8,58.0,75.0
273,0.0,,,,,0.0,0.0,0.0,,0.0,0.0,0.0,,19849.0,,,0.0,0.0,,0.0,0.0,0.0,0.0,0.0,0.0,0,0.0,0.0,0,0,,,0,0,0,0.0,100.0,50.0,0.0,50.0,0.0,0.0,0.0,0.0,15.0,50.0,0.0,43.8,58.0,75.0
274,0.0,,,,,0.0,0.0,0.0,,0.0,0.0,0.0,,26079.0,,,0.0,0.0,,0.0,0.0,0.0,0.0,0.0,0.0,0,0.0,0.0,0,0,,,0,0,0,0.0,100.0,50.0,0.0,50.0,0.0,0.0,0.0,0.0,15.0,50.0,0.0,43.8,58.0,75.0
275,0.0,,,,,0.0,0.0,0.0,,0.0,0.0,0.0,,34791.0,,,0.0,0.0,,0.0,0.0,0.0,0.0,0.0,0.0,0,0.0,0.0,0,0,,,0,0,0,0.0,100.0,50.0,0.0,50.0,0.0,0.0,0.0,0.0,15.0,50.0,0.0,43.8,58.0,75.0
276,0.0,,,,,0.0,0.0,0.0,,0.0,0.0,0.0,,45774.0,,,0.0,0.0,,0.0,0.0,0.0,0.0,0.0,0.0,0,0.0,0.0,0,0,,,0,0,0,0.0,100.0,50.0,0.0,50.0,0.0,0.0,0.0,0.0,15.0,50.0,0.0,43.8,58.0,75.0
277,0.0,,,,,0.0,0.0,0.0,,0.0,0.0,0.0,,70713.0,,,0.0,0.0,,0.0,0.0,0.0,0.0,0.0,0.0,0,0.0,0.0,0,0,,,0,0,0,0.0,100.0,50.0,0.0,50.0,0.0,0.0,0.0,0.0,15.0,50.0,0.0,43.8,58.0,75.0
278,0.0,,,,,0.0,0.0,0.0,,0.0,0.0,0.0,,34719.0,,,0.0,0.0,,0.0,0.0,0.0,0.0,0.0,0.0,0,0.0,0.0,0,0,,,0,0,0,0.0,100.0,50.0,0.0,50.0,0.0,0.0,0.0,0.0,15.0,50.0,0.0,43.8,58.0,75.0
279,0.0,,,,,0.0,0.0,0.0,,0.0,0.0,0.0,,57138.0,,,0.0,0.0,,0.0,0.0,0.0,0.0,0.0,0.0,0,0.0,0.0,0,0,,,0,0,0,0.0,100.0,50.0,0.0,50.0,0.0,0.0,0.0,0.0,15.0,50.0,0.0,43.8,58.0,75.0
280,0.0,,,,,0.0,0.0,0.0,,0.0,0.0,0.0,,72101.0,,,0.0,0.0,,0.0,0.0,0.0,0.0,0.0,0.0,0,0.0,0.0,0,0,,,0,0,0,0.0,100.0,50.0,0.0,50.0,0.0,0.0,0.0,0.0,15.0,50.0,0.0,43.8,58.0,75.0
281,0.0,,,,,0.0,0.0,0.0,,0.0,0.0,0.0,,31935.0,,,0.0,0.0,,0.0,0.0,0.0,0.0,0.0,0.0,0,0.0,0.0,0,0,,,0,0,0,0.0,100.0,50.0,0.0,50.0,0.0,0.0,0.0,0.0,15.0,50.0,0.0,43.8,58.0,75.0
282,0.0,,,,,0.0,0.0,0.0,,0.0,0.0,0.0,,58300.0,,,0.0,0.0,,0.0,0.0,0.0,0.0,0.0,0.0,0,0.0,0.0,0,0,,,0,0,0,0.0,100.0,50.0,0.0,50.0,0.0,0.0,0.0,0.0,15.0,50.0,0.0,43.8,58.0,75.0
283,0.0,,,,,0.0,0.0,0.0,,0.0,0.0,0.0,,91958.0,,,0.0,0.0,,0.0,0.0,0.0,0.0,0.0,0.0,0,0.0,0.0,0,0,,,0,0,0,0.0,100.0,50.0,0.0,50.0,0.0,0.0,0.0,0.0,15.0,50.0,0.0,43.8,58.0,75.0
284,0.0,,,,,0.0,0.0,0.0,,0.0,0.0,0.0,,49223.0,,,0.0,0.0,,0.0,0.0,0.0,0.0,0.0,0.0,0,0.0,0.0,0,0,,,0,0,0,0.0,100.0,50.0,0.0,50.0,0.0,0.0,0.0,0.0,15.0,50.0,0.0,43.8,58.0,75.0
285,0.0,,,,,0.0,0.0,0.0,,0.0,0.0,0.0,,29343.0,,,0.0,0.0,,0.0,0.0,0.0,0.0,0.0,0.0,0,0.0,0.0,0,0,,,0,0,0,0.0,100.0,50.0,0.0,50.0,0.0,0.0,0.0,0.0,15.0,50.0,0.0,43.8,58.0,75.0
286,0.0,,,,,0.0,0.0,0.0,,0.0,0.0,0.0,,106357.0,,,0.0,0.0,,0.0,0.0,0.0,0.0,0.0,0.0,0,0.0,0.0,0,0,,,0,0,0,0.0,100.0,50.0,0.0,50.0,0.0,0.0,0.0,0.0,15.0,50.0,0.0,43.8,58.0,75.0
287,0.0,,,,,0.0,0.0,0.0,,0.0,0.0,0.0,,34158.0,,,0.0,0.0,,0.0,0.0,0.0,0.0,0.0,0.0,0,0.0,0.0,0,0,,,0,0,0,0.0,100.0,50.0,0.0,50.0,0.0,0.0,0.0,0.0,15.0,50.0,0.0,43.8,58.0,75.0
288,0.0,,,,,0.0,0.0,0.0,,0.0,0.0,0.0,,50355.0,,,0.0,0.0,,0.0,0.0,0.0,0.0,0.0,0.0,0,0.0,0.0,0,0,,,0,0,0,0.0,100.0,50.0,0.0,50.0,0.0,0.0,0.0,0.0,15.0,50.0,0.0,43.8,58.0,75.0
289,0.0,,,,,0.0,0.0,0.0,,0.0,0.0,0.0,,13354.0,,,0.0,0.0,,0.0,0.0,0.0,0.0,0.0,0.0,0,0.0,0.0,0,0,,,0,0,0,0.0,100.0,50.0,0.0,50.0,0.0,0.0,0.0,0.0,15.0,50.0,0.0,43.8,58.0,75.0
290,0.0,,,,,0.0,0.0,0.0,,0.0,0.0,0.0,,29938.0,,,0.0,0.0,,0.0,0.0,0.0,0.0,0.0,0.0,0,0.0,0.0,0,0,,,0,0,0,0.0,100.0,50.0,0.0,50.0,0.0,0.0,0.0,0.0,15.0,50.0,0.0,43.8,58.0,75.0
291,0.0,,,,,0.0,0.0,0.0,,0.0,0.0,0.0,,55326.0,,,0.0,0.0,,0.0,0.0,0.0,0.0,0.0,0.0,0,0.0,0.0,0,0,,,0,0,0,0.0,100.0,50.0,0.0,50.0,0.0,0.0,0.0,0.0,15.0,50.0,0.0,43.8,58.0,75.0
292,0.0,,,,,0.0,0.0,0.0,,0.0,0.0,0.0,,418.0,,,0.0,0.0,,0.0,0.0,0.0,0.0,0.0,0.0,0,0.0,0.0,0,0,,,0,0,0,0.0,100.0,50.0,0.0,50.0,0.0,0.0,0.0,0.0,15.0,50.0,0.0,43.8,58.0,75.0
293,0.0,,,,,0.0,0.0,0.0,,0.0,0.0,0.0,,46746.0,,,0.0,0.0,,0.0,0.0,0.0,0.0,0.0,0.0,0,0.0,0.0,0,0,,,0,0,0,0.0,100.0,50.0,0.0,50.0,0.0,0.0,0.0,0.0,15.0,50.0,0.0,43.8,58.0,75.0
294,0.0,,,,,0.0,0.0,0.0,,0.0,0.0,0.0,,75282.0,,,0.0,0.0,,0.0,0.0,0.0,0.0,0.0,0.0,0,0.0,0.0,0,0,,,0,0,0,0.0,100.0,50.0,0.0,50.0,0.0,0.0,0.0,0.0,15.0,50.0,0.0,43.8,58.0,75.0
295,0.0,,,,,0.0,0.0,0.0,,0.0,0.0,0.0,,48520.0,,,0.0,0.0,,0.0,0.0,0.0,0.0,0.0,0.0,0,0.0,0.0,0,0,,,0,0,0,0.0,100.0,50.0,0.0,50.0,0.0,0.0,0.0,0.0,15.0,50.0,0.0,43.8,58.0,75.0
296,0.0,,,,,0.0,0.0,0.0,,0.0,0.0,0.0,,53751.0,,,0.0,0.0,,0.0,0.0,0.0,0.0,0.0,0.0,0,0.0,0.0,0,0,,,0,0,0,0.0,100.0,50.0,0.0,50.0,0.0,0.0,0.0,0.0,15.0,50.0,0.0,43.8,58.0,75.0
297,0.0,,,,,0.0,0.0,0.0,,0.0,0.0,0.0,,22950.0,,,0.0,0.0,,0.0,0.0,0.0,0.0,0.0,0.0,0,0.0,0.0,0,0,,,0,0,0,0.0,100.0,50.0,0.0,50.0,0.0,0.0,0.0,0.0,15.0,50.0,0.0,43.8,58.0,75.0
298,0.0,,,,,0.0,0.0,0.0,,0.0,0.0,0.0,,55929.0,,,0.0,0.0,,0.0,0.0,0.0,0.0,0.0,0.0,0,0.0,0.0,0,0,,,0,0,0,0.0,100.0,50.0,0.0,50.0,0.0,0.0,0.0,0.0,15.0,50.0,0.0,43.8,58.0,75.0
299,0.0,,,,,0.0,0.0,0.0,,0.0,0.0,0.0,,43383.0,,,0.0,0.0,,0.0,0.0,0.0,0.0,0.0,0.0,0,0.0,0.0,0,0,,,0,0,0,0.0,100.0,50.0,0.0,50.0,0.0,0.0,0.0,0.0,15.0,50.0,0.0,43.8,58.0,75.0
300,0.0,,,,,0.0,0.0,0.0,,0.0,0.0,0.0,,132378.0,,,0.0,0.0,,0.0,0.0,0.0,0.0,0.0,0.0,0,0.0,0.0,0,0,,,0,0,0,0.0,100.0,50.0,0.0,50.0,0.0,0.0,0.0,0.0,15.0,50.0,0.0,43.8,58.0,75.0
301,0.0,,,,,0.0,0.0,0.0,,0.0,0.0,0.0,,70150.0,,,0.0,0.0,,0.0,0.0,0.0,0.0,0.0,0.0,0,0.0,0.0,0,0,,,0,0,0,0.0,100.0,50.0,0.0,50.0,0.0,0.0,0.0,0.0,15.0,50.0,0.0,43.8,58.0,75.0
302,0.0,,,,,0.0,0.0,0.0,,0.0,0.0,0.0,,61489.0,,,0.0,0.0,,0.0,0.0,0.0,0.0,0.0,0.0,0,0.0,0.0,0,0,,,0,0,0,0.0,100.0,50.0,0.0,50.0,0.0,0.0,0.0,0.0,15.0,50.0,0.0,43.8,58.0,75.0
303,0.0,,,,,0.0,0.0,0.0,,0.0,0.0,0.0,,45884.0,,,0.0,0.0,,0.0,0.0,0.0,0.0,0.0,0.0,0,0.0,0.0,0,0,,,0,0,0,0.0,100.0,50.0,0.0,50.0,0.0,0.0,0.0,0.0,15.0,50.0,0.0,43.8,58.0,75.0
304,0.0,,,,,0.0,0.0,0.0,,0.0,0.0,0.0,,28630.0,,,0.0,0.0,,0.0,0.0,0.0,0.0,0.0,0.0,0,0.0,0.0,0,0,,,0,0,0,0.0,100.0,50.0,0.0,50.0,0.0,0.0,0.0,0.0,15.0,50.0,0.0,43.8,58.0,75.0
305,0.0,,,,,0.0,0.0,0.0,,0.0,0.0,0.0,,51231.0,,,0.0,0.0,,0.0,0.0,0.0,0.0,0.0,0.0,0,0.0,0.0,0,0,,,0,0,0,0.0,100.0,50.0,0.0,50.0,0.0,0.0,0.0,0.0,15.0,50.0,0.0,43.8,58.0,75.0
306,0.0,,,,,0.0,0.0,0.0,,0.0,0.0,0.0,,50742.0,,,0.0,0.0,,0.0,0.0,0.0,0.0,0.0,0.0,0,0.0,0.0,0,0,,,0,0,0,0.0,100.0,50.0,0.0,50.0,0.0,0.0,0.0,0.0,15.0,50.0,0.0,43.8,58.0,75.0
307,0.0,,,,,0.0,0.0,0.0,,0.0,0.0,0.0,,27988.0,,,0.0,0.0,,0.0,0.0,0.0,0.0,0.0,0.0,0,0.0,0.0,0,0,,,0,0,0,0.0,100.0,50.0,0.0,50.0,0.0,0.0,0.0,0.0,15.0,50.0,0.0,43.8,58.0,75.0
308,0.0,,,,,0.0,0.0,0.0,,0.0,0.0,0.0,,44136.0,,,0.0,0.0,,0.0,0.0,0.0,0.0,0.0,0.0,0,0.0,0.0,0,0,,,0,0,0,0.0,100.0,50.0,0.0,50.0,0.0,0.0,0.0,0.0,15.0,50.0,0.0,43.8,58.0,75.0
309,0.0,,,,,0.0,0.0,0.0,,0.0,0.0,0.0,,66880.0,,,0.0,0.0,,0.0,0.0,0.0,0.0,0.0,0.0,0,0.0,0.0,0,0,,,0,0,0,0.0,100.0,50.0,0.0,50.0,0.0,0.0,0.0,0.0,15.0,50.0,0.0,43.8,58.0,75.0
310,0.0,,,,,0.0,0.0,0.0,,0.0,0.0,0.0,,42742.0,,,0.0,0.0,,0.0,0.0,0.0,0.0,0.0,0.0,0,0.0,0.0,0,0,,,0,0,0,0.0,100.0,50.0,0.0,50.0,0.0,0.0,0.0,0.0,15.0,50.0,0.0,43.8,58.0,75.0
311,0.0,,,,,0.0,0.0,0.0,,0.0,0.0,0.0,,39699.0,,,0.0,0.0,,0.0,0.0,0.0,0.0,0.0,0.0,0,0.0,0.0,0,0,,,0,0,0,0.0,100.0,50.0,0.0,50.0,0.0,0.0,0.0,0.0,15.0,50.0,0.0,43.8,58.0,75.0
312,0.0,,,,,0.0,0.0,0.0,,0.0,0.0,0.0,,47844.0,,,0.0,0.0,,0.0,0.0,0.0,0.0,0.0,0.0,0,0.0,0.0,0,0,,,0,0,0,0.0,100.0,50.0,0.0,50.0,0.0,0.0,0.0,0.0,15.0,50.0,0.0,43.8,58.0,75.0
313,0.0,,,,,0.0,0.0,0.0,,0.0,0.0,0.0,,72957.0,,,0.0,0.0,,0.0,0.0,0.0,0.0,0.0,0.0,0,0.0,0.0,0,0,,,0,0,0,0.0,100.0,50.0,0.0,50.0,0.0,0.0,0.0,0.0,15.0,50.0,0.0,43.8,58.0,75.0
314,0.0,,,,,0.0,0.0,0.0,,0.0,0.0,0.0,,80771.0,,,0.0,0.0,,0.0,0.0,0.0,0.0,0.0,0.0,0,0.0,0.0,0,0,,,0,0,0,0.0,100.0,50.0,0.0,50.0,0.0,0.0,0.0,0.0,15.0,50.0,0.0,43.8,58.0,75.0
315,0.0,,,,,0.0,0.0,0.0,,0.0,0.0,0.0,,77942.0,,,0.0,0.0,,0.0,0.0,0.0,0.0,0.0,0.0,0,0.0,0.0,0,0,,,0,0,0,0.0,100.0,50.0,0.0,50.0,0.0,0.0,0.0,0.0,15.0,50.0,0.0,43.8,58.0,75.0
316,0.0,,,,,0.0,0.0,0.0,,0.0,0.0,0.0,,57902.0,,,0.0,0.0,,0.0,0.0,0.0,0.0,0.0,0.0,0,0.0,0.0,0,0,,,0,0,0,0.0,100.0,50.0,0.0,50.0,0.0,0.0,0.0,0.0,15.0,50.0,0.0,43.8,58.0,75.0
317,0.0,,,,,0.0,0.0,0.0,,0.0,0.0,0.0,,58019.0,,,0.0,0.0,,0.0,0.0,0.0,0.0,0.0,0.0,0,0.0,0.0,0,0,,,0,0,0,0.0,100.0,50.0,0.0,50.0,0.0,0.0,0.0,0.0,15.0,50.0,0.0,43.8,58.0,75.0
318,0.0,,,,,0.0,0.0,0.0,,0.0,0.0,0.0,,67136.0,,,0.0,0.0,,0.0,0.0,0.0,0.0,0.0,0.0,0,0.0,0.0,0,0,,,0,0,0,0.0,100.0,50.0,0.0,50.0,0.0,0.0,0.0,0.0,15.0,50.0,0.0,43.8,58.0,75.0
319,0.0,,,,,0.0,0.0,0.0,,0.0,0.0,0.0,,84438.0,,,0.0,0.0,,0.0,0.0,0.0,0.0,0.0,0.0,0,0.0,0.0,0,0,,,0,0,0,0.0,100.0,50.0,0.0,50.0,0.0,0.0,0.0,0.0,15.0,50.0,0.0,43.8,58.0,75.0
320,0.0,,,,,0.0,0.0,0.0,,0.0,0.0,0.0,,61207.0,,,0.0,0.0,,0.0,0.0,0.0,0.0,0.0,0.0,0,0.0,0.0,0,0,,,0,0,0,0.0,100.0,50.0,0.0,50.0,0.0,0.0,0.0,0.0,15.0,50.0,0.0,43.8,58.0,75.0
321,0.0,,,,,0.0,0.0,0.0,,0.0,0.0,0.0,,21049.0,,,0.0,0.0,,0.0,0.0,0.0,0.0,0.0,0.0,0,0.0,0.0,0,0,,,0,0,0,0.0,100.0,50.0,0.0,50.0,0.0,0.0,0.0,0.0,15.0,50.0,0.0,43.8,58.0,75.0
322,0.0,,,,,0.0,0.0,0.0,,0.0,0.0,0.0,,1849.0,,,0.0,0.0,,0.0,0.0,0.0,0.0,0.0,0.0,0,0.0,0.0,0,0,,,0,0,0,0.0,100.0,50.0,0.0,50.0,0.0,0.0,0.0,0.0,15.0,50.0,0.0,43.8,58.0,75.0
323,0.0,,,,,0.0,0.0,0.0,,0.0,0.0,0.0,,38894.0,,,0.0,0.0,,0.0,0.0,0.0,0.0,0.0,0.0,0,0.0,0.0,0,0,,,0,0,0,0.0,100.0,50.0,0.0,50.0,0.0,0.0,0.0,0.0,15.0,50.0,0.0,43.8,58.0,75.0
324,0.0,,,,,0.0,0.0,0.0,,0.0,0.0,0.0,,25409.0,,,0.0,0.0,,0.0,0.0,0.0,0.0,0.0,0.0,0,0.0,0.0,0,0,,,0,0,0,0.0,100.0,50.0,0.0,50.0,0.0,0.0,0.0,0.0,15.0,50.0,0.0,43.8,58.0,75.0
325,0.0,,,,,0.0,0.0,0.0,,0.0,0.0,0.0,,20132.0,,,0.0,0.0,,0.0,0.0,0.0,0.0,0.0,0.0,0,0.0,0.0,0,0,,,0,0,0,0.0,100.0,50.0,0.0,50.0,0.0,0.0,0.0,0.0,15.0,50.0,0.0,43.8,58.0,75.0
326,0.0,,,,,0.0,0.0,0.0,,0.0,0.0,0.0,,25063.0,,,0.0,0.0,,0.0,0.0,0.0,0.0,0.0,0.0,0,0.0,0.0,0,0,,,0,0,0,0.0,100.0,50.0,0.0,50.0,0.0,0.0,0.0,0.0,15.0,50.0,0.0,43.8,58.0,75.0
327,0.0,,,,,0.0,0.0,0.0,,0.0,0.0,0.0,,25480.0,,,0.0,0.0,,0.0,0.0,0.0,0.0,0.0,0.0,0,0.0,0.0,0,0,,,0,0,0,0.0,100.0,50.0,0.0,50.0,0.0,0.0,0.0,0.0,15.0,50.0,0.0,43.8,58.0,75.0
328,0.0,,,,,0.0,0.0,0.0,,0.0,0.0,0.0,,20269.0,,,0.0,0.0,,0.0,0.0,0.0,0.0,0.0,0.0,0,0.0,0.0,0,0,,,0,0,0,0.0,100.0,50.0,0.0,50.0,0.0,0.0,0.0,0.0,15.0,50.0,0.0,43.8,58.0,75.0
329,0.0,,,,,0.0,0.0,0.0,,0.0,0.0,0.0,,48593.0,,,0.0,0.0,,0.0,0.0,0.0,0.0,0.0,0.0,0,0.0,0.0,0,0,,,0,0,0,0.0,100.0,50.0,0.0,50.0,0.0,0.0,0.0,0.0,15.0,50.0,0.0,43.8,58.0,75.0
330,0.0,,,,,0.0,0.0,0.0,,0.0,0.0,0.0,,28018.0,,,0.0,0.0,,0.0,0.0,0.0,0.0,0.0,0.0,0,0.0,0.0,0,0,,,0,0,0,0.0,100.0,50.0,0.0,50.0,0.0,0.0,0.0,0.0,15.0,50.0,0.0,43.8,58.0,75.0
331,0.0,,,,,0.0,0.0,0.0,,0.0,0.0,0.0,,36885.0,,,0.0,0.0,,0.0,0.0,0.0,0.0,0.0,0.0,0,0.0,0.0,0,0,,,0,0,0,0.0,100.0,50.0,0.0,50.0,0.0,0.0,0.0,0.0,15.0,50.0,0.0,43.8,58.0,75.0
332,0.0,,,,,0.0,0.0,0.0,,0.0,0.0,0.0,,50058.0,,,0.0,0.0,,0.0,0.0,0.0,0.0,0.0,0.0,0,0.0,0.0,0,0,,,0,0,0,0.0,100.0,50.0,0.0,50.0,0.0,0.0,0.0,0.0,15.0,50.0,0.0,43.8,58.0,75.0
333,0.0,,,,,0.0,0.0,0.0,,0.0,0.0,0.0,,83728.0,,,0.0,0.0,,0.0,0.0,0.0,0.0,0.0,0.0,0,0.0,0.0,0,0,,,0,0,0,0.0,100.0,50.0,0.0,50.0,0.0,0.0,0.0,0.0,15.0,50.0,0.0,43.8,58.0,75.0
334,0.0,,,,,0.0,0.0,0.0,,0.0,0.0,0.0,,28260.0,,,0.0,0.0,,0.0,0.0,0.0,0.0,0.0,0.0,0,0.0,0.0,0,0,,,0,0,0,0.0,100.0,50.0,0.0,50.0,0.0,0.0,0.0,0.0,15.0,50.0,0.0,43.8,58.0,75.0
335,0.0,,,,,0.0,0.0,0.0,,0.0,0.0,0.0,,32496.0,,,0.0,0.0,,0.0,0.0,0.0,0.0,0.0,0.0,0,0.0,0.0,0,0,,,0,0,0,0.0,100.0,50.0,0.0,50.0,0.0,0.0,0.0,0.0,15.0,50.0,0.0,43.8,58.0,75.0
336,0.0,,,,,0.0,0.0,0.0,,0.0,0.0,0.0,,69317.0,,,0.0,0.0,,0.0,0.0,0.0,0.0,0.0,0.0,0,0.0,0.0,0,0,,,0,0,0,0.0,100.0,50.0,0.0,50.0,0.0,0.0,0.0,0.0,15.0,50.0,0.0,43.8,58.0,75.0
337,0.0,,,,,0.0,0.0,0.0,,0.0,0.0,0.0,,37929.0,,,0.0,0.0,,0.0,0.0,0.0,0.0,0.0,0.0,0,0.0,0.0,0,0,,,0,0,0,0.0,100.0,50.0,0.0,50.0,0.0,0.0,0.0,0.0,15.0,50.0,0.0,43.8,58.0,75.0
338,0.0,,,,,0.0,0.0,0.0,,0.0,0.0,0.0,,24275.0,,,0.0,0.0,,0.0,0.0,0.0,0.0,0.0,0.0,0,0.0,0.0,0,0,,,0,0,0,0.0,100.0,50.0,0.0,50.0,0.0,0.0,0.0,0.0,15.0,50.0,0.0,43.8,58.0,75.0
339,0.0,,,,,0.0,0.0,0.0,,0.0,0.0,0.0,,57658.0,,,0.0,0.0,,0.0,0.0,0.0,0.0,0.0,0.0,0,0.0,0.0,0,0,,,0,0,0,0.0,100.0,50.0,0.0,50.0,0.0,0.0,0.0,0.0,15.0,50.0,0.0,43.8,58.0,75.0
340,0.0,,,,,0.0,0.0,0.0,,0.0,0.0,0.0,,52037.0,,,0.0,0.0,,0.0,0.0,0.0,0.0,0.0,0.0,0,0.0,0.0,0,0,,,0,0,0,0.0,100.0,50.0,0.0,50.0,0.0,0.0,0.0,0.0,15.0,50.0,0.0,43.8,58.0,75.0
341,0.0,,,,,0.0,0.0,0.0,,0.0,0.0,0.0,,23150.0,,,0.0,0.0,,0.0,0.0,0.0,0.0,0.0,0.0,0,0.0,0.0,0,0,,,0,0,0,0.0,100.0,50.0,0.0,50.0,0.0,0.0,0.0,0.0,15.0,50.0,0.0,43.8,58.0,75.0
342,0.0,,,,,0.0,0.0,0.0,,0.0,0.0,0.0,,108152.0,,,0.0,0.0,,0.0,0.0,0.0,0.0,0.0,0.0,0,0.0,0.0,0,0,,,0,0,0,0.0,100.0,50.0,0.0,50.0,0.0,0.0,0.0,0.0,15.0,50.0,0.0,43.8,58.0,75.0
343,0.0,,,,,0.0,0.0,0.0,,0.0,0.0,0.0,,88427.0,,,0.0,0.0,,0.0,0.0,0.0,0.0,0.0,0.0,0,0.0,0.0,0,0,,,0,0,0,0.0,100.0,50.0,0.0,50.0,0.0,0.0,0.0,0.0,15.0,50.0,0.0,43.8,58.0,75.0
344,0.0,,,,,0.0,0.0,0.0,,0.0,0.0,0.0,,30516.0,,,0.0,0.0,,0.0,0.0,0.0,0.0,0.0,0.0,0,0.0,0.0,0,0,,,0,0,0,0.0,100.0,50.0,0.0,50.0,0.0,0.0,0.0,0.0,15.0,50.0,0.0,43.8,58.0,75.0
345,0.0,,,,,0.0,0.0,0.0,,0.0,0.0,0.0,,63271.0,,,0.0,0.0,,0.0,0.0,0.0,0.0,0.0,0.0,0,0.0,0.0,0,0,,,0,0,0,0.0,100.0,50.0,0.0,50.0,0.0,0.0,0.0,0.0,15.0,50.0,0.0,43.8,58.0,75.0
346,0.0,,,,,0.0,0.0,0.0,,0.0,0.0,0.0,,18677.0,,,0.0,0.0,,0.0,0.0,0.0,0.0,0.0,0.0,0,0.0,0.0,0,0,,,0,0,0,0.0,100.0,50.0,0.0,50.0,0.0,0.0,0.0,0.0,15.0,50.0,0.0,43.8,58.0,75.0
347,0.0,,,,,0.0,0.0,0.0,,0.0,0.0,0.0,,52504.0,,,0.0,0.0,,0.0,0.0,0.0,0.0,0.0,0.0,0,0.0,0.0,0,0,,,0,0,0,0.0,100.0,50.0,0.0,50.0,0.0,0.0,0.0,0.0,15.0,50.0,0.0,43.8,58.0,75.0
348,0.0,,,,,0.0,0.0,0.0,,0.0,0.0,0.0,,39138.0,,,0.0,0.0,,0.0,0.0,0.0,0.0,0.0,0.0,0,0.0,0.0,0,0,,,0,0,0,0.0,100.0,50.0,0.0,50.0,0.0,0.0,0.0,0.0,15.0,50.0,0.0,43.8,58.0,75.0
349,0.0,,,,,0.0,0.0,0.0,,0.0,0.0,0.0,,37479.0,,,0.0,0.0,,0.0,0.0,0.0,0.0,0.0,0.0,0,0.0,0.0,0,0,,,0,0,0,0.0,100.0,50.0,0.0,50.0,0.0,0.0,0.0,0.0,15.0,50.0,0.0,43.8,58.0,75.0
350,0.0,,,,,0.0,0.0,0.0,,0.0,0.0,0.0,,34034.0,,,0.0,0.0,,0.0,0.0,0.0,0.0,0.0,0.0,0,0.0,0.0,0,0,,,0,0,0,0.0,100.0,50.0,0.0,50.0,0.0,0.0,0.0,0.0,15.0,50.0,0.0,43.8,58.0,75.0
351,0.0,,,,,0.0,0.0,0.0,,0.0,0.0,0.0,,17812.0,,,0.0,0.0,,0.0,0.0,0.0,0.0,0.0,0.0,0,0.0,0.0,0,0,,,0,0,0,0.0,100.0,50.0,0.0,50.0,0.0,0.0,0.0,0.0,15.0,50.0,0.0,43.8,58.0,75.0
352,0.0,,,,,0.0,0.0,0.0,,0.0,0.0,0.0,,28237.0,,,0.0,0.0,,0.0,0.0,0.0,0.0,0.0,0.0,0,0.0,0.0,0,0,,,0,0,0,0.0,100.0,50.0,0.0,50.0,0.0,0.0,0.0,0.0,15.0,50.0,0.0,43.8,58.0,75.0
353,0.0,,,,,0.0,0.0,0.0,,0.0,0.0,0.0,,25287.0,,,0.0,0.0,,0.0,0.0,0.0,0.0,0.0,0.0,0,0.0,0.0,0,0,,,0,0,0,0.0,100.0,50.0,0.0,50.0,0.0,0.0,0.0,0.0,15.0,50.0,0.0,43.8,58.0,75.0
354,0.0,,,,,0.0,0.0,0.0,,0.0,0.0,0.0,,22571.0,,,0.0,0.0,,0.0,0.0,0.0,0.0,0.0,0.0,0,0.0,0.0,0,0,,,0,0,0,0.0,100.0,50.0,0.0,50.0,0.0,0.0,0.0,0.0,15.0,50.0,0.0,43.8,58.0,75.0
355,0.0,,,,,0.0,0.0,0.0,,0.0,0.0,0.0,,24739.0,,,0.0,0.0,,0.0,0.0,0.0,0.0,0.0,0.0,0,0.0,0.0,0,0,,,0,0,0,0.0,100.0,50.0,0.0,50.0,0.0,0.0,0.0,0.0,15.0,50.0,0.0,43.8,58.0,75.0
356,0.0,,,,,0.0,0.0,0.0,,0.0,0.0,0.0,,43808.0,,,0.0,0.0,,0.0,0.0,0.0,0.0,0.0,0.0,0,0.0,0.0,0,0,,,0,0,0,0.0,100.0,50.0,0.0,50.0,0.0,0.0,0.0,0.0,15.0,50.0,0.0,43.8,58.0,75.0
357,0.0,,,,,0.0,0.0,0.0,,0.0,0.0,0.0,,21751.0,,,0.0,0.0,,0.0,0.0,0.0,0.0,0.0,0.0,0,0.0,0.0,0,0,,,0,0,0,0.0,100.0,50.0,0.0,50.0,0.0,0.0,0.0,0.0,15.0,50.0,0.0,43.8,58.0,75.0
358,0.0,,,,,0.0,0.0,0.0,,0.0,0.0,0.0,,19996.0,,,0.0,0.0,,0.0,0.0,0.0,0.0,0.0,0.0,0,0.0,0.0,0,0,,,0,0,0,0.0,100.0,50.0,0.0,50.0,0.0,0.0,0.0,0.0,15.0,50.0,0.0,43.8,58.0,75.0
359,0.0,,,,,0.0,0.0,0.0,,0.0,0.0,0.0,,30773.0,,,0.0,0.0,,0.0,0.0,0.0,0.0,0.0,0.0,0,0.0,0.0,0,0,,,0,0,0,0.0,100.0,50.0,0.0,50.0,0.0,0.0,0.0,0.0,15.0,50.0,0.0,43.8,58.0,75.0
360,0.0,,,,,0.0,0.0,0.0,,0.0,0.0,0.0,,25521.0,,,0.0,0.0,,0.0,0.0,0.0,0.0,0.0,0.0,0,0.0,0.0,0,0,,,0,0,0,0.0,100.0,50.0,0.0,50.0,0.0,0.0,0.0,0.0,15.0,50.0,0.0,43.8,58.0,75.0
361,0.0,,,,,0.0,0.0,0.0,,0.0,0.0,0.0,,51739.0,,,0.0,0.0,,0.0,0.0,0.0,0.0,0.0,0.0,0,0.0,0.0,0,0,,,0,0,0,0.0,100.0,50.0,0.0,50.0,0.0,0.0,0.0,0.0,15.0,50.0,0.0,43.8,58.0,75.0
362,0.0,,,,,0.0,0.0,0.0,,0.0,0.0,0.0,,26982.0,,,0.0,0.0,,0.0,0.0,0.0,0.0,0.0,0.0,0,0.0,0.0,0,0,,,0,0,0,0.0,100.0,50.0,0.0,50.0,0.0,0.0,0.0,0.0,15.0,50.0,0.0,43.8,58.0,75.0
363,0.0,,,,,0.0,0.0,0.0,,0.0,0.0,0.0,,56674.0,,,0.0,0.0,,0.0,0.0,0.0,0.0,0.0,0.0,0,0.0,0.0,0,0,,,0,0,0,0.0,100.0,50.0,0.0,50.0,0.0,0.0,0.0,0.0,15.0,50.0,0.0,43.8,58.0,75.0
364,0.0,,,,,0.0,0.0,0.0,,0.0,0.0,0.0,,62982.0,,,0.0,0.0,,0.0,0.0,0.0,0.0,0.0,0.0,0,0.0,0.0,0,0,,,0,0,0,0.0,100.0,50.0,0.0,50.0,0.0,0.0,0.0,0.0,15.0,50.0,0.0,43.8,58.0,75.0
365,0.0,,,,,0.0,0.0,0.0,,0.0,0.0,0.0,,75878.0,,,0.0,0.0,,0.0,0.0,0.0,0.0,0.0,0.0,0,0.0,0.0,0,0,,,0,0,0,0.0,100.0,50.0,0.0,50.0,0.0,0.0,0.0,0.0,15.0,50.0,0.0,43.8,58.0,75.0
366,0.0,,,,,0.0,0.0,0.0,,0.0,0.0,0.0,,21376.0,,,0.0,0.0,,0.0,0.0,0.0,0.0,0.0,0.0,0,0.0,0.0,0,0,,,0,0,0,0.0,100.0,50.0,0.0,50.0,0.0,0.0,0.0,0.0,15.0,50.0,0.0,43.8,58.0,75.0
367,0.0,,,,,0.0,0.0,0.0,,0.0,0.0,0.0,,26148.0,,,0.0,0.0,,0.0,0.0,0.0,0.0,0.0,0.0,0,0.0,0.0,0,0,,,0,0,0,0.0,100.0,50.0,0.0,50.0,0.0,0.0,0.0,0.0,15.0,50.0,0.0,43.8,58.0,75.0
368,0.0,,,,,0.0,0.0,0.0,,0.0,0.0,0.0,,23278.0,,,0.0,0.0,,0.0,0.0,0.0,0.0,0.0,0.0,0,0.0,0.0,0,0,,,0,0,0,0.0,100.0,50.0,0.0,50.0,0.0,0.0,0.0,0.0,15.0,50.0,0.0,43.8,58.0,75.0
369,0.0,,,,,0.0,0.0,0.0,,0.0,0.0,0.0,,20800.0,,,0.0,0.0,,0.0,0.0,0.0,0.0,0.0,0.0,0,0.0,0.0,0,0,,,0,0,0,0.0,100.0,50.0,0.0,50.0,0.0,0.0,0.0,0.0,15.0,50.0,0.0,43.8,58.0,75.0
370,0.0,,,,,0.0,0.0,0.0,,0.0,0.0,0.0,,45099.0,,,0.0,0.0,,0.0,0.0,0.0,0.0,0.0,0.0,0,0.0,0.0,0,0,,,0,0,0,0.0,100.0,50.0,0.0,50.0,0.0,0.0,0.0,0.0,15.0,50.0,0.0,43.8,58.0,75.0
371,0.0,,,,,0.0,0.0,0.0,,0.0,0.0,0.0,,24453.0,,,0.0,0.0,,0.0,0.0,0.0,0.0,0.0,0.0,0,0.0,0.0,0,0,,,0,0,0,0.0,100.0,50.0,0.0,50.0,0.0,0.0,0.0,0.0,15.0,50.0,0.0,43.8,58.0,75.0
372,0.0,,,,,0.0,0.0,0.0,,0.0,0.0,0.0,,20030.0,,,0.0,0.0,,0.0,0.0,0.0,0.0,0.0,0.0,0,0.0,0.0,0,0,,,0,0,0,0.0,100.0,50.0,0.0,50.0,0.0,0.0,0.0,0.0,15.0,50.0,0.0,43.8,58.0,75.0
373,0.0,,,,,0.0,0.0,0.0,,0.0,0.0,0.0,,27814.0,,,0.0,0.0,,0.0,0.0,0.0,0.0,0.0,0.0,0,0.0,0.0,0,0,,,0,0,0,0.0,100.0,50.0,0.0,50.0,0.0,0.0,0.0,0.0,15.0,50.0,0.0,43.8,58.0,75.0
374,0.0,,,,,0.0,0.0,0.0,,0.0,0.0,0.0,,47534.0,,,0.0,0.0,,0.0,0.0,0.0,0.0,0.0,0.0,0,0.0,0.0,0,0,,,0,0,0,0.0,100.0,50.0,0.0,50.0,0.0,0.0,0.0,0.0,15.0,50.0,0.0,43.8,58.0,75.0
375,0.0,,,,,0.0,0.0,0.0,,0.0,0.0,0.0,,34603.0,,,0.0,0.0,,0.0,0.0,0.0,0.0,0.0,0.0,0,0.0,0.0,0,0,,,0,0,0,0.0,100.0,50.0,0.0,50.0,0.0,0.0,0.0,0.0,15.0,50.0,0.0,43.8,58.0,75.0
376,0.0,,,,,0.0,0.0,0.0,,0.0,0.0,0.0,,,,,0.0,0.0,,0.0,0.0,0.0,0.0,0.0,0.0,0,0.0,0.0,0,0,,,0,0,0,0.0,100.0,50.0,0.0,50.0,0.0,0.0,0.0,0.0,15.0,50.0,0.0,43.8,58.0,75.0
377,0.0,,,,,0.0,0.0,0.0,,0.0,0.0,0.0,,436.0,,,0.0,0.0,,0.0,0.0,0.0,0.0,0.0,0.0,0,0.0,0.0,0,0,,,0,0,0,0.0,100.0,50.0,0.0,50.0,0.0,0.0,0.0,0.0,15.0,50.0,0.0,43.8,58.0,75.0
378,0.0,,,,,0.0,0.0,0.0,,0.0,0.0,0.0,,27770.0,,,0.0,0.0,,0.0,0.0,0.0,0.0,0.0,0.0,0,0.0,0.0,0,0,,,0,0,0,0.0,100.0,50.0,0.0,50.0,0.0,0.0,0.0,0.0,15.0,50.0,0.0,43.8,58.0,75.0
379,0.0,,,,,0.0,0.0,0.0,,0.0,0.0,0.0,,39597.0,,,0.0,0.0,,0.0,0.0,0.0,0.0,0.0,0.0,0,0.0,0.0,0,0,,,0,0,0,0.0,100.0,50.0,0.0,50.0,0.0,0.0,0.0,0.0,15.0,50.0,0.0,43.8,58.0,75.0
380,0.0,,,,,0.0,0.0,0.0,,0.0,0.0,0.0,,24102.0,,,0.0,0.0,,0.0,0.0,0.0,0.0,0.0,0.0,0,0.0,0.0,0,0,,,0,0,0,0.0,100.0,50.0,0.0,50.0,0.0,0.0,0.0,0.0,15.0,50.0,0.0,43.8,58.0,75.0
381,0.0,,,,,0.0,0.0,0.0,,0.0,0.0,0.0,,22460.0,,,0.0,0.0,,0.0,0.0,0.0,0.0,0.0,0.0,0,0.0,0.0,0,0,,,0,0,0,0.0,100.0,50.0,0.0,50.0,0.0,0.0,0.0,0.0,15.0,50.0,0.0,43.8,58.0,75.0
382,0.0,,,,,0.0,0.0,0.0,,0.0,0.0,0.0,,23313.0,,,0.0,0.0,,0.0,0.0,0.0,0.0,0.0,0.0,0,0.0,0.0,0,0,,,0,0,0,0.0,100.0,50.0,0.0,50.0,0.0,0.0,0.0,0.0,15.0,50.0,0.0,43.8,58.0,75.0
383,0.0,,,,,0.0,0.0,0.0,,0.0,0.0,0.0,,31474.0,,,0.0,0.0,,0.0,0.0,0.0,0.0,0.0,0.0,0,0.0,0.0,0,0,,,0,0,0,0.0,100.0,50.0,0.0,50.0,0.0,0.0,0.0,0.0,15.0,50.0,0.0,43.8,58.0,75.0
384,0.0,,,,,0.0,0.0,0.0,,0.0,0.0,0.0,,16079.0,,,0.0,0.0,,0.0,0.0,0.0,0.0,0.0,0.0,0,0.0,0.0,0,0,,,0,0,0,0.0,100.0,50.0,0.0,50.0,0.0,0.0,0.0,0.0,15.0,50.0,0.0,43.8,58.0,75.0
385,0.0,,,,,0.0,0.0,0.0,,0.0,0.0,0.0,,33551.0,,,0.0,0.0,,0.0,0.0,0.0,0.0,0.0,0.0,0,0.0,0.0,0,0,,,0,0,0,0.0,100.0,50.0,0.0,50.0,0.0,0.0,0.0,0.0,15.0,50.0,0.0,43.8,58.0,75.0
386,0.0,,,,,0.0,0.0,0.0,,0.0,0.0,0.0,,30714.0,,,0.0,0.0,,0.0,0.0,0.0,0.0,0.0,0.0,0,0.0,0.0,0,0,,,0,0,0,0.0,100.0,50.0,0.0,50.0,0.0,0.0,0.0,0.0,15.0,50.0,0.0,43.8,58.0,75.0
387,0.0,,,,,0.0,0.0,0.0,,0.0,0.0,0.0,,22049.0,,,0.0,0.0,,0.0,0.0,0.0,0.0,0.0,0.0,0,0.0,0.0,0,0,,,0,0,0,0.0,100.0,50.0,0.0,50.0,0.0,0.0,0.0,0.0,15.0,50.0,0.0,43.8,58.0,75.0
388,0.0,,,,,0.0,0.0,0.0,,0.0,0.0,0.0,,20191.0,,,0.0,0.0,,0.0,0.0,0.0,0.0,0.0,0.0,0,0.0,0.0,0,0,,,0,0,0,0.0,100.0,50.0,0.0,50.0,0.0,0.0,0.0,0.0,15.0,50.0,0.0,43.8,58.0,75.0
389,0.0,,,,,0.0,0.0,0.0,,0.0,0.0,0.0,,20763.0,,,0.0,0.0,,0.0,0.0,0.0,0.0,0.0,0.0,0,0.0,0.0,0,0,,,0,0,0,0.0,100.0,50.0,0.0,50.0,0.0,0.0,0.0,0.0,15.0,50.0,0.0,43.8,58.0,75.0
390,0.0,,,,,0.0,0.0,0.0,,0.0,0.0,0.0,,17525.0,,,0.0,0.0,,0.0,0.0,0.0,0.0,0.0,0.0,0,0.0,0.0,0,0,,,0,0,0,0.0,100.0,50.0,0.0,50.0,0.0,0.0,0.0,0.0,15.0,50.0,0.0,43.8,58.0,75.0
391,0.0,,,,,0.0,0.0,0.0,,0.0,0.0,0.0,,24835.0,,,0.0,0.0,,0.0,0.0,0.0,0.0,0.0,0.0,0,0.0,0.0,0,0,,,0,0,0,0.0,100.0,50.0,0.0,50.0,0.0,0.0,0.0,0.0,15.0,50.0,0.0,43.8,58.0,75.0
392,0.0,,,,,0.0,0.0,0.0,,0.0,0.0,0.0,,26453.0,,,0.0,0.0,,0.0,0.0,0.0,0.0,0.0,0.0,0,0.0,0.0,0,0,,,0,0,0,0.0,100.0,50.0,0.0,50.0,0.0,0.0,0.0,0.0,15.0,50.0,0.0,43.8,58.0,75.0
393,0.0,,,,,0.0,0.0,0.0,,0.0,0.0,0.0,,21896.0,,,0.0,0.0,,0.0,0.0,0.0,0.0,0.0,0.0,0,0.0,0.0,0,0,,,0,0,0,0.0,100.0,50.0,0.0,50.0,0.0,0.0,0.0,0.0,15.0,50.0,0.0,43.8,58.0,75.0
394,0.0,,,,,0.0,0.0,0.0,,0.0,0.0,0.0,,25238.0,,,0.0,0.0,,0.0,0.0,0.0,0.0,0.0,0.0,0,0.0,0.0,0,0,,,0,0,0,0.0,100.0,50.0,0.0,50.0,0.0,0.0,0.0,0.0,15.0,50.0,0.0,43.8,58.0,75.0
395,0.0,,,,,0.0,0.0,0.0,,0.0,0.0,0.0,,40720.0,,,0.0,0.0,,0.0,0.0,0.0,0.0,0.0,0.0,0,0.0,0.0,0,0,,,0,0,0,0.0,100.0,50.0,0.0,50.0,0.0,0.0,0.0,0.0,15.0,50.0,0.0,43.8,58.0,75.0
396,0.0,,,,,0.0,0.0,0.0,,0.0,0.0,0.0,,,,,0.0,0.0,,0.0,0.0,0.0,0.0,0.0,0.0,0,0.0,0.0,0,0,,,0,0,0,0.0,100.0,50.0,0.0,50.0,0.0,0.0,0.0,0.0,15.0,50.0,0.0,43.8,58.0,75.0
